Name,Subtype,Latitude,Longitude
Unnamed,checkpoint,24.453426,46.989483
Unnamed,taxi,24.737584,46.782514
Unnamed,dry_cleaning,24.727668,46.792185
Unnamed,greengrocer,24.658165,46.744734
Unnamed,dry_cleaning,24.723403,46.797962
البريد السعودي المركز الرئيسي,post_box,24.650844,46.716417
Global Store - Apple Premium Reseller,computer,24.701925,46.695789
Global Store - Apple Premium Reseller,computer,24.704571,46.691707
Unnamed,dry_cleaning,24.722387,46.678612
Unnamed,department_store,24.706004,46.688429
Unnamed,motel,24.709625,46.691455
Unnamed,travel_agency,24.706521,46.689167
Jarir Bookstore,department_store,24.767184,46.756139
VIP Barber Shop,hairdresser,24.729632,46.790675
الرفيعة للوحدات السكنية,motel,24.729875,46.79048
Unnamed,hairdresser,24.737623,46.797633
Unnamed,doityourself,24.725379,46.796603
Unnamed,gift,24.737799,46.798131
Unnamed,toilets,24.737789,46.798035
Axiom Telecom,mobile_phone,24.737706,46.797777
Tokyo Games,toys,24.737399,46.797563
Unnamed,taxi,24.686297,46.711926
Zahid Tractors,tractors,24.767714,46.835851
Sakr al Jazeera Aviation Museum,museum,24.754052,46.740201
Sultan Garden Centre,garden_centre,24.802727,46.716223
Unnamed,WorkShop,24.687454,46.651664
وادي البطحاء,information,24.666667,46.7
Unnamed,museum,24.835904,46.966278
Unnamed,toilets,24.827959,46.97057
Arts Tower - برج الفنون,artwork,24.761075,46.601763
Unnamed,post_box,24.582317,46.866354
Junk Souq,marketplace,24.601235,46.731192
سجن الملز,prison,24.683475,46.737658
Unnamed,greengrocer,24.749929,46.82184
Unnamed,gift,24.750348,46.822837
Unnamed,doityourself,24.751372,46.822624
Malaz Zoo Fountain,fountain,24.677043,46.737301
Chicco,toys,24.685428,46.689628
Unnamed,yes,24.587544,46.667847
Unnamed,farm,24.596332,46.745251
Al Karama pastry,pastry,24.669521,46.731969
Baby Mango,beverages,24.670583,46.731277
غرناطة للرياضة,sports,24.667128,46.731053
Marks & Spencer,department_store,24.744681,46.679796
Unnamed,taxi,24.690376,46.766829
تفتيش الخرج,checkpoint,24.453652,46.988647
Unnamed,fountain,24.858717,46.718475
Unnamed,fountain,24.858569,46.718506
Unnamed,fountain,24.858403,46.71853
Unnamed,information,24.850609,46.73159
Unnamed,information,24.84924,46.731043
Unnamed,information,24.845706,46.731032
Unnamed,fountain,24.846767,46.725948
Unnamed,fountain,24.846776,46.726029
Unnamed,fountain,24.846695,46.726043
Unnamed,fountain,24.846686,46.72596
Unnamed,fountain,24.84673,46.725992
Unnamed,information,24.838029,46.727551
Unnamed,information,24.836309,46.727274
Arizona Ranch Resort,artwork,24.813216,46.729704
Unnamed,information,24.878496,46.723404
Unnamed,artwork,24.818917,46.705167
Unnamed,toilets,24.75083,46.725746
Unnamed,toilets,24.751945,46.725595
Unnamed,toilets,24.751871,46.725584
Unnamed,toilets,24.751949,46.725947
Reception,information,24.750568,46.725868
Reception,information,24.751975,46.726084
Press Room,information,24.750972,46.725521
Business Center,information,24.750954,46.72566
Unnamed,artwork,24.871692,46.562969
Unnamed,information,24.854758,46.551251
Unnamed,information,24.885971,46.535402
Unnamed,artwork,24.939408,46.471176
Unnamed,artwork,24.939267,46.471616
Unnamed,information,24.845892,46.551029
International Energy Forum,association,24.671309,46.626891
قصر الثقافة,yes,24.680207,46.623214
Reception,information,24.688532,46.618812
Unnamed,yes,24.688529,46.61876
Changing Rooms,toilets,24.688344,46.620026
Games Hall,yes,24.688034,46.619119
Accomodation Reception,information,24.688889,46.619806
Banquet Reception,information,24.689105,46.619457
Unnamed,shelter,24.88293,46.91451
Unnamed,marketplace,24.753064,46.837469
Unnamed,laundry,24.682347,46.899286
Deanship Bldg,administrative,24.755521,46.854676
NGCEBHP,educational_institution,24.755759,46.85432
Postgraduate Training Center,educational_institution,24.75527,46.854809
Admin Bldg,administrative,24.754342,46.852736
Main Lecture Hall,educational_institution,24.754326,46.853467
Conference Center,educational_institution,24.754644,46.853229
Unnamed,bus_station,24.74824,46.858426
Unnamed,information,25.015061,46.591821
Unnamed,shelter,24.618962,46.772359
Unnamed,shelter,24.618408,46.771495
Unnamed,shelter,24.617911,46.771037
Unnamed,shelter,24.618339,46.773072
Unnamed,vending_machine,24.551999,46.483952
Unnamed,vending_machine,24.551831,46.484391
Unnamed,artwork,24.788757,46.42548
Unnamed,information,24.577338,46.690378
Unnamed,information,24.577754,46.690279
مؤسسة النظم الثمانية للاتصالات وتقنية المعلومات,it,24.803205,46.782488
Unnamed,marketplace,24.784049,46.714155
سباركيز,theme_park,24.767092,46.717614
Unnamed,deli,24.768101,46.715627
Unnamed,department_store,24.768578,46.71567
Unnamed,department_store,24.766854,46.7164
Unnamed,beauty,24.767614,46.716346
Unnamed,hairdresser,24.804952,46.780816
Unnamed,laundry,24.802912,46.781803
Unnamed,laundry,24.80773,46.780293
Unnamed,laundry,24.807891,46.779362
Unnamed,hairdresser,24.801427,46.778121
Unnamed,hairdresser,24.801405,46.778146
Unnamed,toys,24.800153,46.783199
Unnamed,hairdresser,24.800679,46.782928
Unnamed,toys,24.814155,46.776153
Unnamed,laundry,24.808604,46.778964
Unnamed,department_store,24.804343,46.781921
بنشر,tyres,24.772837,46.574632
Unnamed,bowling_alley,24.793128,46.805461
شركة الزاهد للتراكتورات والمعدات الثقيلة,outdoor,24.631725,46.762867
شركة الزاهد للتراكتورات والمعدات الثقيلة المحدودة,outdoor,24.877031,46.947435
حلاق عصمان,hairdresser,24.732297,46.848553
BAJA,confectionery,24.759727,46.669659
صرافة الأهلي,mobile_phone,24.731521,46.848714
مجمع النيزك للاتصالات,mobile_phone,24.726956,46.852129
ريناد لاحتفالات,events_venue,24.801477,46.74468
Unnamed,hairdresser,24.648471,46.706573
Unnamed,juice,24.648518,46.70656
Unnamed,information,24.649119,46.70666
Unnamed,hairdresser,24.649326,46.70636
Unnamed,laundry,24.64937,46.706348
Unnamed,hairdresser,24.649395,46.706342
Unnamed,hairdresser,24.649423,46.706335
Unnamed,information,24.649458,46.7072
Unnamed,hairdresser,24.649613,46.706267
Unnamed,hairdresser,24.649661,46.706253
Unnamed,laundry,24.650001,46.706453
Unnamed,butcher,24.650154,46.706411
Unnamed,seafood,24.650456,46.709282
Unnamed,seafood,24.650639,46.709253
سمك الشرقية الطازج,seafood,24.650773,46.709298
Unnamed,greengrocer,24.650129,46.709359
ساحل جدة,seafood,24.650851,46.709274
اسماك الوشم,seafood,24.650948,46.709253
Unnamed,information,24.651491,46.706741
سهل,yes,24.65185,46.706062
ثمار الرحمانية,butcher,24.639505,46.708348
نظارات المدينة,optician,24.638268,46.710219
دواجن,butcher,24.64053,46.708349
Unnamed,laundry,24.640602,46.708351
Unnamed,gift,24.639634,46.708348
Unnamed,hairdresser,24.640659,46.708352
الحناكي للمكسرات,confectionery,24.638475,46.710182
ايس كريم,confectionery,24.639556,46.708348
K.K.I.A Camp,hostel,24.920227,46.683699
Unnamed,shelter,24.819229,46.771131
Unnamed,fountain,24.625758,46.68042
قاعة درة المملكة للاحتفالات,artwork,24.810654,46.806322
Unnamed,department_store,24.7672,46.715796
Unnamed,optician,24.768598,46.716086
Unnamed,beauty,24.767974,46.716011
Unnamed,beauty,24.7666,46.715335
Unnamed,beauty,24.766966,46.715947
Unnamed,weighbridge,24.625516,46.861919
قاعة البابطين,theatre,24.797726,46.63156
قصر مارينا للاحتفالات,confectionery,24.535096,46.649242
Unnamed,telephone,24.58428,46.691132
Unnamed,tyres,24.572217,46.778854
محلات الاتصالات,mobile_phone,24.585379,46.778515
وكالة عمر الراشد للدعاية والإعلان,copyshop,24.761175,46.797135
Unnamed,shelter,24.590503,46.709041
مركز خدمات موبايلي,telecommunication,24.646178,46.707148
مركز خدمات زين,telecommunication,24.646232,46.707141
شركة زهرة الأندلس للعقارات,fountain,24.646973,46.706965
Shekshack Juice,beverages,24.814654,46.79841
Shekshack Juice,beverages,24.778252,46.792138
مغاسل الجبر,laundry,24.806996,46.792513
نيو بوي,gift,24.665375,46.699815
شقق مفروشة,apartment,24.804595,46.793746
محل اتصالات,telecommunication,24.804856,46.793633
azmi home in askan Riyadh,bookmaker,24.573035,46.842411
sep,artwork,24.554991,46.873028
شركة رال العالمية,fountain,24.75322,46.744408
al remal,artwork,24.83354,46.811398
work,artwork,24.692965,46.695757
سوق اللحمة,butcher,24.629747,46.718597
Al Bayan Holding,artwork,24.815448,46.769817
Unnamed,artwork,24.829558,46.794407
granada Village,courthouse,24.790052,46.754395
Unnamed,bench,24.604549,46.712535
tabu nasim,confectionery,24.716475,46.834259
dunkin doughnuts,confectionery,24.648902,46.55681
Unnamed,artwork,24.879608,46.831983
INFOFIX FUTURE TECHNOLOGIES,computer,24.681462,46.815154
work,artwork,24.699232,46.703507
Kingdom City compound,community_centre,24.802015,46.656345
شركة صرح التقنية للمقاولات,artwork,24.738363,46.66599
بنشر,tyres,24.756957,46.772862
المحكمة الادارية بالرياض,courthouse,24.655986,46.711874
مغسلة الجبر للملابس,laundry,24.669442,46.750677
kaluluwa,doctors,24.65889,46.711886
kaluluwa,doctors,24.659615,46.712078
Bazy Trading,artwork,24.660567,46.740975
مغسلة الدمام,laundry,24.650408,46.711624
مكتب المعجل للعقارات,information,24.764734,46.713119
Riyadh batha,artwork,24.56903,46.881775
Riyadh sipchem,artwork,24.573599,46.876569
Metal workshop,artwork,24.70076,46.853023
Unnamed,shelter,24.566907,46.851765
Unnamed,shelter,24.56512,46.779472
Unnamed,bench,24.749335,46.846696
اسطبل الحرابي,horse_riding,24.925736,46.836663
شركة الاتصالات السعودية,telecommunication,24.596124,46.698836
King Abdulaziz City for Science and Technology (KACST),research,24.716787,46.64404
بنشر,tyres,24.585886,46.691751
El Seif Company,outdoor,24.781869,46.749063
زين,telecommunication,24.645865,46.715708
hazzaz shoping market,department_store,24.69624,46.649149
محكمة التنفيذ بالرياض,courthouse,24.647418,46.70345
STC,telecommunication,24.629488,46.738906
عطلات الغازي للسياحة و السفريات,artwork,24.651314,46.706266
العمار للاتصالات,telecommunication,24.651291,46.706187
حضانة براعم,childcare,24.603071,46.587429
Zahran Mentinanc .co,hostel,24.682739,46.710555
سكن,tyres,24.634825,46.696499
Saptco VIP Bus Terminal,bus_station,24.676923,46.691115
العساف,department_store,24.644934,46.707376
مشغل,cosmetics,24.646042,46.707198
عصائر سما,beverages,24.648406,46.706589
باب سريجة,greengrocer,24.646339,46.707106
ساحل السمك,seafood,24.645798,46.707272
Unnamed,confectionery,24.645886,46.70725
موبايلي,telecommunication,24.703333,46.780611
Unnamed,laundry,24.650765,46.705947
دوار الكويت,fountain,24.6664,46.727732
حديقة الحيوانات,zoo,24.676804,46.7373
Sumeasi,artwork,24.644784,46.688271
مكتب الضمان الاجتماعي للنساء,community_centre,24.595053,46.659885
المكتب. هيف,artwork,24.678556,46.686305
Pros Wearhouse,bookmaker,24.618071,46.864978
مستودعات أرامكس الرئيسيه,charging_station,24.650505,46.839113
Active,cosmetics,24.783586,46.68287
Unnamed,shelter,24.794952,46.70257
الدريس,yes,24.665008,46.842092
مدرسة دلة لتعليم قيادة السيارات,driving_school,24.662592,46.839203
العيثيم بالخزان الرياض,copyshop,24.637184,46.697283
Unnamed,telephone,24.703935,46.68026
Mobily,telecommunication,24.708111,46.676738
aljajirah,artwork,24.680433,46.793363
السكن,shelter,24.798873,46.750081
الخليج ستور,confectionery,24.763809,46.671084
work house,artwork,24.769447,46.813746
White castle,bookmaker,24.814891,46.726277
مشغل لمسة العنود,beauty,24.776429,46.789277
المديفر,travel_agency,24.647955,46.724639
العزيزية جاليرى,marketplace,24.590463,46.767033
Arbic,artwork,24.804142,46.778886
Unnamed,artwork,24.8041,46.779445
Unnamed,artwork,24.805295,46.781402
Unnamed,artwork,24.80456,46.779522
Unnamed,artwork,24.803109,46.779667
Unnamed,artwork,24.803491,46.779581
Unnamed,artwork,24.803851,46.779334
Unnamed,artwork,24.803758,46.779604
Unnamed,bicycle_rental,24.519048,46.728391
مغسلة الدمام,laundry,24.650197,46.71094
Unnamed,computer,24.547794,46.868592
Unnamed,greengrocer,24.731091,46.807154
Unnamed,copyshop,24.659359,46.702984
Al Salasi Al Taqni (Stainless Steel),bookmaker,24.637024,46.747919
Sepco camp,courthouse,24.486004,46.963397
Unnamed,shelter,24.781757,46.670335
قاعة القلعة للاحتفالات,community_centre,24.569368,46.667826
Unnamed,wine,24.555169,46.592647
Unnamed,toys,24.770366,46.822732
Airport,beauty,24.941548,46.711981
وكيل يوكوهاما,tyres,24.626347,46.74114
سهل,vending_machine,24.579642,46.664884
قاعة ليلتي,theatre,24.577566,46.679705
متاجر اتصالات,telecommunication,24.747675,46.685236
Unnamed,bookmaker,24.564894,46.739928
جمال سنتر,cinema,24.641107,46.718069
الادارة hr,artwork,24.771851,46.710353
Unnamed,travel_agency,24.815848,46.8224
Unnamed,travel_agency,24.743775,46.655187
وادي خنيفه,artwork,24.656411,46.606484
Hungerstation,telecommunication,24.676287,46.683542
Unnamed,beauty,24.641808,46.70827
دار الرعاية التجتماعية,community_centre,24.706592,46.747988
الحارثي للكماليات,department_store,24.583111,46.661192
Mohtasib Kitchen Equipment,bookmaker,24.647395,46.712461
Unnamed,hairdresser,24.65727,46.706301
سوق الجوالات التخصصي,mobile_phone,24.708565,46.663053
Unnamed,cosmetics,24.641804,46.708283
Byrne yard,department_store,24.630383,46.866599
Unnamed,courthouse,24.844417,46.862529
Unnamed,mobile_phone,24.801263,46.730284
Unnamed,charging_station,24.652224,46.808955
Unnamed,shelter,24.614535,46.699209
Kamal's barbershop,hairdresser,24.697415,46.704359
Lavida,tobacco,24.700961,46.705108
Unnamed,artwork,24.681561,46.696561
ملحمة باب الشهباء,butcher,24.709849,46.691055
قرية الملقا,information,24.809314,46.613241
حلويات الحمود,confectionery,24.738116,46.661165
Unnamed,shelter,24.784439,46.659596
جمعية البر الخيرية بغرب الرياض,community_centre,24.568078,46.615927
Unnamed,shelter,24.809355,46.613251
شارع قاسم بن سعيد,cosmetics,24.613487,46.696134
Warehouse logistic 4,beverages,24.614682,46.846653
Warehouse landmark arabia,beverages,24.614875,46.846797
Unnamed,cosmetics,24.612579,46.728977
وقت العصير,beverages,24.768623,46.810008
Unnamed,shelter,24.876399,46.625047
Pa,beverages,24.87488,46.637536
Unnamed,bench,24.759087,46.668916
المكتب الموحد,yes,24.679556,46.653544
Abyat Home Store /ابيات,department_store,24.767858,46.661358
مكتب النقش المميز,artwork,24.751547,46.640246
Unnamed,shelter,24.614374,46.699287
وادي حنيفة,artwork,24.613043,46.69386
Unnamed,shelter,24.61298,46.694976
بنشري,tyres,24.613131,46.694047
Beacon Advertising Agency,yes,24.68356,46.689497
شقق الضيافة,apartment,24.704379,46.678168
Unnamed,shelter,24.614615,46.699329
موبايلي,telecommunication,24.588006,46.760865
الضمان الاجتماعي - رجال,community_centre,24.659001,46.697064
Unnamed,waste_disposal,24.625218,46.530938
Senpai billy,bureau_de_change,24.862959,46.633441
Unnamed,telephone,24.743158,46.77775
Unnamed,mobile_phone,24.743094,46.777806
Unnamed,beauty,24.680894,46.81602
Unnamed,artwork,24.797004,46.780946
Unnamed,shelter,25.012266,46.487271
Unnamed,shelter,25.003861,46.48989
Unnamed,shelter,25.001388,46.506638
FedEx Office,copyshop,24.72795,46.663416
Al Rajhi,bureau_de_change,24.961568,46.701682
Unnamed,toilets,24.96142,46.702123
Dunkin' Donuts,confectionery,24.961549,46.702867
Alinma,bureau_de_change,24.960828,46.702728
Unnamed,toilets,24.961422,46.701918
Snacks,vending_machine,24.961462,46.702269
Enjaz,bureau_de_change,24.961459,46.702479
Coffe,vending_machine,24.961462,46.702341
Coffee,vending_machine,24.960549,46.702541
Duty Free,gift,24.961303,46.702592
Albilad,bureau_de_change,24.962974,46.700743
Snaks,vending_machine,24.960606,46.702574
Duty Free,gift,24.960983,46.702691
Unnamed,toilets,24.963269,46.700841
Snacks,vending_machine,24.963392,46.700966
Paul,confectionery,24.964194,46.700904
Unnamed,optician,24.961053,46.702767
Unnamed,information,24.961111,46.70253
Unnamed,toilets,24.960466,46.702492
Unnamed,toilets,24.963467,46.700955
Alinma,bureau_de_change,24.963585,46.701081
Al Rajhi,bureau_de_change,24.96406,46.700063
Coffee,vending_machine,24.963334,46.700933
Coffee,vending_machine,24.964033,46.700564
Unnamed,vending_machine,24.964033,46.700489
Unnamed,information,24.963794,46.700861
Unnamed,toilets,24.964031,46.700377
Duty Free,gift,24.963791,46.701129
Unnamed,toilets,24.964028,46.70025
Duty Free,gift,24.964033,46.700972
Green Oasis,estate_agent,24.843019,46.753372
ሀሽም ቤት የአሚር ፋይሰል ጔደኛ,courthouse,24.606751,46.524186
DragonMart,department_store,24.667186,46.783407
منتزه المناخ,information,24.619605,46.771786
جبل كساب,yes,24.650693,46.559908
Abana workshop,artwork,24.574293,46.810277
المرجان,department_store,24.778409,46.686765
فوق الوصف للكماليات,department_store,24.789877,46.680604
Turkish Barber,hairdresser,24.692851,46.605908
بنشر,tyres,24.79809,46.797158
Unnamed,charging_station,24.650215,46.740835
سهل,yes,24.588339,46.742411
الحزم للاتصالات,mobile_phone,24.576586,46.766795
بيوت الشباب,community_centre,24.659732,46.6991
Building No 17 Al Aqeel Aprtment,information,24.674219,46.746003
Unnamed,bus_station,24.787038,46.660761
التعاونية للتأمين,insurance,24.59776,46.685118
سنابل السلام للحلويات,confectionery,24.596692,46.682611
Unnamed,information,24.97153,46.613186
Unnamed,apartment,24.733686,46.808268
Unnamed,apartment,24.733747,46.808223
دار الرياض,artwork,24.710623,46.694056
Pai vhugs,apartment,24.764982,46.798197
Unnamed,apartment,24.77398,46.791776
شركة تنظيف بالرياض,foundation,24.664353,46.727003
Exit 1,information,24.736897,46.590521
Exit 9,information,24.776176,46.730588
Exit 7,information,24.78507,46.704384
Exit 5,information,24.769771,46.668319
Exit 10,information,24.759874,46.73885
Noorco,dry_cleaning,24.775541,46.708651
مجموعة خالد الكريديس العقاريةً,estate_agent,24.815107,46.645884
Adeeb Accomodation,apartment,24.644765,46.728652
Madina Co,lawyer,24.661116,46.734188
Uber Pickup Spot - Terminal 5,taxi,24.942784,46.710403
Unnamed,shelter,24.794621,46.790348
Unnamed,theatre,24.955659,46.800454
Sulay villa,bookmaker,24.679196,46.837665
Unnamed,apartment,24.828404,46.755872
Light Calligraphy,artwork,24.735665,46.720116
super market cigerette,greengrocer,24.630109,46.690705
مطابع أريج الألوان,artwork,24.618454,46.740913
my-home,apartment,24.7521,46.833486
Unnamed,bureau_de_change,24.673437,46.71831
World Sights Park,theme_park,24.762594,46.736111
Unnamed,department_store,24.780887,46.749389
الرماية,yes,24.802668,46.716561
الرماية,yes,24.752223,46.584208
حدائق السلطان,garden_centre,24.752247,46.584321
بنشر,tyres,24.637623,46.693226
العربية للطيران,travel_agency,24.689882,46.72345
سنتر بوينت,department_store,24.683502,46.775454
Al Jazeera Compound,community_centre,24.704976,46.689556
Asus Service Center,computer,24.682216,46.690375
اثاث مستعمل ابو عدي,variety_store,24.757452,46.791445
Baskin-Robbins,ice_cream,24.674286,46.668147
Vox Cinemas,cinema,24.757985,46.62935
The Boulevard Riyadh,department_store,24.751133,46.61268
مستوصف هاو,yes,24.760594,46.671649
Unnamed,association,24.634827,46.677706
Unnamed,shelter,24.670415,46.690384
Unnamed,artwork,24.722291,46.752502
Imam Saud Ibn Faisal Road,information,24.818639,46.644057
Unnamed,fitness_station,24.74252,46.869805
Unnamed,fitness_station,24.742243,46.869653
Unnamed,fitness_station,24.742182,46.869708
Unnamed,fitness_station,24.742548,46.869956
Unnamed,fitness_station,24.742104,46.870018
Unnamed,fitness_station,24.742455,46.869696
Unnamed,fitness_station,24.742348,46.869659
Unnamed,fitness_station,24.742119,46.869857
Unnamed,fitness_station,24.742115,46.870131
Unnamed,fitness_station,24.742598,46.870562
Unnamed,fitness_station,24.742612,46.87072
Unnamed,fitness_station,24.742621,46.870817
Unnamed,fitness_station,24.742606,46.870946
Unnamed,fitness_station,24.742567,46.871037
Unnamed,fitness_station,24.742182,46.870876
Unnamed,fitness_station,24.74216,46.870627
Unnamed,fitness_station,24.742138,46.870394
Unnamed,fitness_station,24.742124,46.870236
Unnamed,fitness_station,24.742173,46.870773
Unnamed,fitness_station,24.742233,46.871021
Unnamed,fitness_station,24.742489,46.871096
Unnamed,fitness_station,24.742367,46.871099
Unnamed,fitness_station,24.74258,46.87034
Unnamed,fitness_station,24.742568,46.870193
Unnamed,fitness_station,24.742559,46.870085
Unnamed,fitness_station,24.742298,46.871067
Unnamed,shelter,24.753574,46.870151
Unnamed,shelter,24.753564,46.871117
Unnamed,shelter,24.753564,46.871831
Unnamed,information,24.899735,46.711762
Unnamed,information,24.902694,46.711823
Unnamed,information,24.905454,46.713523
Unnamed,information,24.907429,46.716747
Unnamed,information,24.908772,46.715669
Unnamed,information,24.909954,46.719152
Unnamed,information,24.908818,46.719334
Unnamed,information,24.613722,46.762184
Unnamed,shelter,24.615196,46.763016
Unnamed,shelter,24.617607,46.762361
Unnamed,shelter,24.617408,46.765498
Unnamed,shelter,24.436128,46.422326
Unnamed,artwork,24.71428,46.632416
Unnamed,artwork,24.75905,46.738406
Unnamed,artwork,24.758712,46.737792
Unnamed,artwork,24.758492,46.738626
Ain ul mas,bookmaker,24.908196,46.604554
مدرسة دلة لتعليم قيادة السيارات,driving_school,24.662484,46.83909
قصر اليخت,events_venue,24.819941,46.782593
قهوة الشموخ,department_store,24.583852,46.688291
مخابز وحلويات طيف نجد,confectionery,24.584214,46.686595
Unnamed,telephone,24.83573,46.779179
Unnamed,vending_machine,24.60257,46.626264
Unnamed,theme_park,24.692674,46.76474
Unnamed,toilets,24.660864,46.604177
Unnamed,toilets,24.667865,46.607224
وكالة الخلف للسفر والسياحة,travel_agency,24.601165,46.615316
Unnamed,fountain,24.587492,46.707652
كلية الرياضة والنشاط البدني,educational_institution,24.72638,46.619905
بوابة دخول الموظفين,shelter,24.669242,46.672968
البوابة الرئيسية,shelter,24.668823,46.677182
My Accommodation,artwork,24.611335,46.861245
Perfume,beauty,24.735378,46.647286
Unnamed,massage,24.653389,46.574494
شاي اليوم,tea,24.653145,46.5861
مؤسسة الانتاج الثلاثي للمقاولات,yes,24.653154,46.585319
Unnamed,resort,24.653154,46.585604
مشغل بريق الجوهرة للتزيين النسائي,hairdresser,24.653198,46.583841
س,apartment,24.826216,46.969438
فتحه,artwork,24.82877,46.976296
مخملي للخياطة الرجالية,tailor,24.653391,46.57454
مغاسل,laundry,24.653393,46.574598
Nakheel Mall,department_store,24.76809,46.714978
Unnamed,laundry,24.653285,46.579797
مورد المنتجات الغذائية,variety_store,24.804842,46.624559
خياط السفينة,tailor,24.600905,46.614933
Unnamed,toilets,24.734395,46.572247
Ad Diriyah,museum,24.738926,46.578424
شقة بلودان,apartment,24.785245,46.872861
سيقنتشر للعصائر,Juice bar,24.665963,46.681858
مجموعة المتبولي المتحدة,appliance,24.681681,46.696738
برج النخيل,estate_agent,24.748853,46.652719
The Roof,cinema,24.817802,46.665176
VOX Cinemas Kingdom Centre,cinema,24.71098,46.67555
Marvela Community,community_centre,24.773103,46.771826
PSU Founten,fountain,24.734418,46.697007
Flower Shop,florist,24.734842,46.697447
Unnamed,bbq,24.734544,46.697072
Museum of arts,museum,24.858211,46.59254
المركز الوطني لبحوث الزراعة والثروة الحيوانية,veterinary,24.579067,46.719708
Riyadh Front Shopping,community_centre,24.841992,46.73158
VOX Cinema Riyadh Front Mall,cinema,24.838239,46.732028
Unnamed,fitness_station,24.79088,46.743075
Unnamed,fitness_station,24.790803,46.742866
روائع المنزل,yes,24.774684,46.665513
Milano pizza pasta,artwork,24.746818,46.8372
Unnamed,drinking_water,24.565255,46.795639
تقاطع إشارة الملاحم,information,24.684258,46.766899
أرزاق القصيم تموينات وخضروات وفواكه,yes,24.687322,46.765364
اسعاف الربوة,centre,24.69131,46.764434
المبارك للنظارات,optometrist,24.686507,46.765726
ملحمة مراعي القصيم,butcher,24.684169,46.767179
ملحمة براري القصيم,butcher,24.684336,46.766647
ملحمة,butcher,24.684046,46.766742
ملحمة نجد الحديثة,butcher,24.684445,46.767008
الفرسان الرحاله,travel_agency,24.644743,46.715014
باسكن روبنز,ice_cream,24.895878,46.907822
شقق عوائل,apartment,24.896276,46.908425
Unnamed,apartment,24.702773,46.817758
Unnamed,apartment,24.696942,46.812264
Unnamed,motorcycle_parking,24.824899,46.795175
Unnamed,viewpoint,24.659225,46.609915
Public Transportation Center,bus_station,24.59567,46.7482
Unnamed,cinema,24.735131,46.694774
0,apartment,24.815952,46.877317
البسامي لنقل السيارات,charging_station,24.8286,46.8159
البسامي لنقل السيارات,charging_station,24.8298,46.8146
Unnamed,motorcycle_parking,24.735784,46.577318
Unnamed,toilets,24.700365,46.678389
الخافقين للتسويق العقاري,estate_agent,24.570919,46.619371
منتجع النخلة,resort,24.86144,46.79699
Post Coffe,coffee,24.790955,46.700876
منتجع انترلاكن,resort,24.90218,46.816586
Forever Rose London,florist,24.731661,46.647687
الصياد العربي للبنادق الهوائية,weapons,24.704817,46.768008
الرميح للبنادق الهوائية,weapons,24.660637,46.740498
رجال البرية للبنادق الهوائيه ولوازم الصيد و الرحلات,weapons,24.56793,46.621609
رماي نجد للبنادق,weapons,24.800751,46.630724
صاب لبنادق الصيد و لوازم الرحلات,weapons,24.740506,46.810166
صاب للبنادق الهوائية,weapons,24.750333,46.765049
الرميح للبنادق الهوائيه,weapons,24.629418,46.711945
الآفاق العالمية لصيانة الاسلحة النارية,weapons,24.535301,46.665093
الهدف للوازم الصيد,weapons,24.571581,46.669862
صيانة أسلحة,weapons,24.604282,46.620258
الرماية لتجهيزات الصيد والرحلات,yes,24.75544,46.741624
الرماية لتجهيزات الصيد والرحلات,yes,24.693504,46.811867
مربط نجد للصقور,animal_breeding,24.87537,46.836764
Unnamed,dance,24.825,46.8012
سنابل السلام,confectionery,24.8216,46.8004
مشغل منتجع الجمال Bella Cure,beauty,24.811545,46.626383
مؤسسة إبداع العزل للمقاولات,trade,24.811707,46.626752
مؤسسة صدى الأرياف للتجارة,trade,24.811731,46.626814
شركة الراجحي للبناء والتعمير,trade,24.81176,46.626879
الفياض للإنارة والكهرباء,lighting,24.811819,46.626995
صيدلية الدواء,chemist,24.811856,46.627087
العجلان للكهرباء والإنارة,lighting,24.812018,46.627454
عبدالله العمار;مؤسسة مساعد بن محمد العجلان,trade,24.812051,46.627534
فايف سيزون للنظارات,optician,24.812081,46.627614
عنوان الإضاءة,lighting,24.812104,46.62767
الصولان للإنارة والكهرباء,lighting,24.812126,46.627725
خالد بن سعد الموسى للعقارات,estate_agent,24.812152,46.62779
ورد الرياض,florist,24.81224,46.627985
البنايات لمواد البناء,trade,24.812279,46.628067
مؤسسة التوريد الفوري للتجارة,trade,24.812317,46.628162
زعيم الإنارة,lighting,24.812358,46.628252
شيخ الإنارة,lighting,24.812563,46.628737
مؤسسة دار قرطاجة,lighting,24.812582,46.628789
دار المهندسينن للعقارات,estate_agent,24.81262,46.628883
إضاءة المنزل,lighting,24.812643,46.628931
شوكولاتة لور L'or,chocolate,24.812684,46.629022
الآلية للعقارات,estate_agent,24.812734,46.629151
مؤسسة مقهى النور للمقاولات,trade,24.812753,46.629197
نظارات البركات,optician,24.812815,46.629369
حلويات سعد الدين,pastry,24.812842,46.629431
كنفندي,pastry,24.81287,46.629494
سيدرا,chocolate,24.81289,46.629548
نظارات المدينة,optician,24.812916,46.629604
تاوه,chocolate,24.812943,46.629672
اني وداني,chocolate,24.81297,46.629727
شوكولاته المملكة,chocolate,24.813075,46.629994
باسكن روبنز,ice_cream,24.813193,46.630254
مجموعة أعمال المرسلات,lighting,24.813296,46.630504
نظارات رمش عيون,optician,24.813318,46.630564
أفران الحطب,pastry,24.813398,46.630732
دهانات الجزيرة,paint,24.813464,46.630924
مؤسسة رأس الإنجاز للمفاولات,trade,24.813487,46.630971
مظلات فواز عبيد العتيبي,trade,24.813503,46.631011
السويلم للعود,perfumery,24.813523,46.631058
لومار,window_blind,24.813639,46.63169
ستايل;صيدلية فيتامين,window_blind;chemist,24.813667,46.631757
الجربوع للإنارة,lighting,24.813711,46.631853
البلح الذهبي,chocolate,24.813977,46.632138
باجة,yes,24.814916,46.634787
اتسي بتسي بيبي,baby_goods,24.814986,46.634954
سبورت لووك,sports,24.815055,46.635112
حلويات العكر,chocolate,24.815389,46.6359
باتشي,chocolate,24.815413,46.635959
سليب هاي,bed,24.815924,46.63678
مؤسسة عصام قباني وشركاؤه,trade,24.815962,46.636872
سيراميك الجودة,tiles,24.81757,46.640686
باوز كلاوز,veterinary,24.817768,46.641495
مركز تجميل,beauty,24.817962,46.641942
رواد الراحة والاسترخاء,massage,24.818007,46.642056
عصيرات فن الأفوكادو,beverages,24.818176,46.642107
بسبوستي الذهبية,pastry,24.818295,46.642388
وقت العصير,beverages,24.818525,46.642965
3M,window_blind,24.818519,46.643481
سوليكس,massage,24.818262,46.64363
سن جارد,window_blind,24.818171,46.643685
كوب,trade,24.817971,46.64378
تألق حواء,beauty,24.817912,46.643812
مركز الجسم الرياضي,massage,24.817818,46.643851
أبناء حمد العباد للتجارة والمقاولات,trade,24.815527,46.644984
الدحيم للحديد,trade,24.814156,46.645689
زيتية,art,24.813875,46.645841
ED Salon Hair & Nails,beauty,24.813472,46.645902
لافا كيك,pastry,24.813267,46.646008
بيكري بورتال,pastry,24.812829,46.646228
مشغل تولب,beauty,24.812606,46.646334
مشغل فيدافت,beauty,24.812476,46.646396
الراحة البديلة للوجبات الصحية,health_food,24.812114,46.646631
عبدالصمد القرشي,perfumery,24.811957,46.646213
رطاب الوطن للتمور,chocolate,24.811553,46.646043
قطوف وحلا,chocolate,24.811481,46.64608
مراتب سيلي,bed,24.811228,46.647035
لبون,butcher,24.81106,46.64712
مراتب سليب نايس,bed,24.810969,46.647159
ارام للتزيين النسائي,beauty,24.810542,46.647413
جبورية,chocolate,24.810483,46.647445
اليحيان,doors,24.810182,46.647574
دايت سنتر,health_food,24.810057,46.647635
ميدان الفوارس,coffee,24.809986,46.647669
السيف,doors,24.809931,46.647697
نرجس الجزيرة,doors,24.809879,46.647722
شركة القوزان,doors,24.809831,46.647747
شركة اليمامة,doors,24.80978,46.647776
فنون وألوان,interior_decoration,24.808902,46.64833
الجبلي للأبواب,doors,24.808708,46.648437
كيباب للأبواب,doors,24.808677,46.648454
كيباب للأبواب,doors,24.80863,46.648478
علم المعادن,doors,24.808591,46.648497
حصن المسافر,travel_agency,24.808545,46.648515
لقينات ماما نورة,pastry,24.807642,46.64885
الكيف الراقي,yes,24.807501,46.648932
ترافل ستار,bag,24.807439,46.64896
مختبرات البرج,laboratory,24.80714,46.649061
حلويات جرير,pastry,24.806951,46.64919
متجر كيدي,baby_goods,24.806869,46.649233
ليتشي,beauty,24.806808,46.64928
ركن الجاذبية,tailor,24.801944,46.649004
اوربان هيلث,health_food,24.801876,46.648848
تركي للحفلات,party,24.801619,46.648244
دولي للسفر والسياحة,travel_agency,24.801601,46.648194
فروتا,beverages,24.801581,46.648144
هدوء الشرق,massage,24.801439,46.647809
صيدلية الدواء,chemist,24.801256,46.647365
عبداللطيف جميل للتمويل,financial,24.800997,46.646402
دويتشه الخليج للتمويل,financial,24.800658,46.645601
رسن للخياطة الرجالية,tailor,24.799624,46.643485
تفصيل وخياطة بشوت وعقل,tailor,24.799596,46.643411
القائم الأول للديكور,interior_decoration,24.799563,46.643335
نجمة الفنادق,bed,24.799543,46.643273
تقنيات الدهان جوتن,paint,24.799508,46.643219
تقنيات الدهان لأدوات ومعدات السلامة,tool_hire,24.799489,46.643168
صيدلية عمار,chemist,24.799457,46.643105
بلان للخياطة الرجالية,tailor,24.798921,46.641864
العليا للخياطة الرجالية,tailor,24.795356,46.63348
قهوة الشموخ,coffee,24.795319,46.635148
صيدلية النهدي,chemist,24.796551,46.638106
العربية للعود,perfumery,24.798113,46.642099
محمصة الرفاعي,yes,24.798062,46.642131
جزر العود,perfumery,24.798013,46.642158
زهور الريف,perfumery,24.797953,46.642187
فروز,ice_cream,24.797812,46.642203
نخبة العود,perfumery,24.797791,46.642146
بيوتي سكريتس,beauty,24.797771,46.642096
حكيم عيون,optician,24.797749,46.642043
ذا بودي شوب,beauty,24.797729,46.641993
لذائذ الفاكهة,greengrocer,24.797709,46.641946
بيت الكنفاني,pastry,24.797687,46.641894
درعة للعطور,perfumery,24.797649,46.641798
العسل البري,yes,24.797612,46.641703
باسكن روبنز,ice_cream,24.797598,46.641662
مؤسسة الأفق الرحب,mobile_phone,24.79758,46.641616
خفيف,yes,24.797563,46.641574
ورد الشوق,florist,24.797545,46.64153
تورتا,pastry,24.797527,46.641486
٣٧ درجة,chemist,24.797598,46.641391
صيدلية الماسي,chemist,24.798572,46.64322
ماكس برو,window_blind,24.79943,46.645143
أفلام النانو سيراميك,window_blind,24.799469,46.645239
مؤسسة عمار النعيم للسيارات,window_blind,24.799504,46.645322
أوتوفال,window_blind,24.799536,46.64542
جول,beauty,24.800504,46.647812
صيدلية الدواء,chemist,24.796541,46.650499
صالون المليحة,beauty,24.796478,46.650466
التخصصي للإحتفالات,conference_centre,24.794208,46.649391
جمالك السعودي,beauty,24.793297,46.649187
كويك كتس,hairdresser,24.793228,46.649153
بيق داي,party,24.792845,46.648979
بيانيست,chocolate,24.792779,46.648953
زهور إيفنتو,florist,24.792637,46.648889
عطور بالزيم الخاصة,perfumery,24.792573,46.648859
مو اند سارة,chocolate,24.79251,46.648829
دانة الإبداع للفن والديكور,interior_decoration,24.792451,46.648804
Xtreme gain,health_food,24.732579,46.765127
Unnamed,yes,24.686708,46.698931
ملحمه مراعي المستوي,butcher,24.717523,46.790737
G-Aim Gaming Center,video_games,24.804891,46.69367
Unnamed,information,24.819243,46.697049
Unnamed,artwork,24.837477,46.722006
SDS,artwork,24.858407,46.711535
Unnamed,artwork,24.875685,46.567326
Hebro roasters And cafe,coffee,24.799148,46.595539
سوق الشمال,greengrocer,24.758155,46.666187
الفرحان للاجنحة الفندقية,apartment,24.687606,46.799779
سوق 24,foundation,24.653426,46.571087
جسور التخطيط لتقنية المعلومات,yes,24.76852,46.580816
الشركة السعودية للتشخيص القابضة,yes,24.681975,46.686295
KFSHRC-Comparative Medicine Department,alternative,24.670505,46.672058
King Faisal Specialist Hospital medical department stores,yes,24.669942,46.67625
مركز الملك عبدالعزيز للحوار الوطني,yes,24.776836,46.682438
عماره السبيعي,apartment,24.588643,46.739695
ثلاجه ارزام,greengrocer,24.539823,46.771953
ثلاجة بوبا العالميه,greengrocer,24.539493,46.783014
عماره السبيعي,apartment,24.595052,46.739863
سلالات القهوة_sulalat coffe,coffee,24.70545,46.748343
SUNTECH BUSINESS SOLUTIONS,computer,24.660067,46.736651
Medical Regulations Gate,lawyer,24.714541,46.678356
مركز سبأ الخليج للمساج,massage,24.648844,46.55543
شقق لؤلؤة أشبيلية 3,apartment,24.792695,46.795515
القصر الأحمر,museum,24.642844,46.709801
Unnamed,apartment,24.852553,46.65708
بين ابوعبيد,variety_store,24.867987,46.647841
سوق الحله الشعبي,marketplace,24.627475,46.721193
King Salman heart Center,hospice,24.688345,46.703527
دروب البرية,outdoor,24.837,46.687016
كل شيء بخمسة ريال,department_store,24.653291,46.57779
سمسا إكسبرس,post_depot,24.67851,46.702339
Unnamed,artwork,24.916505,46.455369
Unnamed,artwork,24.895969,46.448009
Unnamed,shelter,24.779698,46.854097
Unnamed,shelter,24.7796,46.853648
Unnamed,shelter,24.779348,46.854176
Unnamed,shelter,24.779255,46.853762
Unnamed,information,24.876796,46.725833
Unnamed,information,24.873509,46.726896
مركز الملك عبد الله للدراسات والبحوث البترولية,science_park,24.875625,46.725208
Unnamed,information,24.925325,46.718643
Unnamed,information,24.923121,46.720016
Unnamed,information,24.925654,46.719541
Unnamed,information,24.923868,46.720648
Unnamed,motorcycle_parking,24.807109,46.719966
KSU Hostel,hostel,24.708648,46.744996
صالون وسم الجمال للتزيين النسائي,hairdresser,24.813182,46.647101
SPEX optical سبيكس للبصريات,optician,24.795102,46.698787
العقيل للإستقدام,employment_agency,24.766244,46.713284
ARA 4 Camp,apartment,24.560225,46.872286
مكتب سليمان الدخيل للخدمات العقارية,estate_agent,24.627226,46.74825
شركة الأولى لمسابح الفيبرجلاس,water_sports,24.788111,46.703309
StcPay,it,24.766788,46.574678
شعاع,yes,24.733217,46.678428
شايهات ناول NAOLNWL,resort,24.701559,46.836171
نباتاتي,garden_centre,24.799979,46.674634
سلامة - الفحص الفني الدوري للسيارات,vehicle_inspection,24.859198,46.574899
مختبرات لمسة واحدة الطبية,laboratory,24.775525,46.774399
فورقفت,gift,24.581925,46.658555
My secrets spa,cosmetics,24.804707,46.738581
Beauty Box,cosmetics,24.745019,46.703427
مكتب نايف داوود العتيق محامون ومستشارون,lawyer,24.753352,46.743203
Unnamed,toilets,24.740079,46.601407
Unnamed,toilets,24.739875,46.602585
Unnamed,drinking_water,24.663026,46.813475
Fresh drinking water,drinking_water,24.660942,46.79237
قمة الرياضة,sports,24.756814,46.659793
مخازن العناية,cosmetics,24.79246,46.656445
البنفسج,florist,24.791466,46.651703
Aljabr Laundry,laundry,24.791553,46.651742
Unnamed,tyres,24.690045,46.587685
Chi تشآي,tea,24.786986,46.70285
Innovign | Marketing Agency,advertising_agency,24.795126,46.656105
سمنان لحلول المياه - فرع الأمانه,حلول_مياه,24.867301,46.641486
Unnamed,laundry,24.635471,46.563668
Desert Mingle,pet_grooming,24.733992,46.769907
Unnamed,motorcycle_parking,24.851959,46.721981
قطرة مقهى,coffee,24.772883,46.689108
كنافه اصيل النابلسية,internet_cafe,24.773167,46.689115
دانكن دونتس,coffee,24.780509,46.739769
مركز المهارات والمحاكاة الصحي,alternative,24.71222,46.621773
رتل للدراجات النارية,motorcycle,24.68951,46.855393
مؤسسة أنا مقاول للمقاولات,estate_agent,24.799003,46.731421
مغسلة الؤلو الفريد,laundry,24.799053,46.731401
المشعل للعقارات محمد بن العبدالعزيز,estate_agent,24.79911,46.731366
صالون باي ألف للتزيين النسائي,beauty,24.799207,46.731361
روز بارك للواحدات السكنية,apartment,24.800301,46.730827
لودا للشق المخدومة,apartment,24.800838,46.730545
حلاق سارة محمد عوض القحطاني,beauty,24.801934,46.729948
مغاسل حسنة جابر فرحان العتيبي,laundry,24.801987,46.729903
صالون طلاء الاظفر للتزيين النسائي,beauty,24.802021,46.72989
أجمل بردة مغاسل,laundry,24.802159,46.729862
مدن المياه المعبأه,drinking_water,24.802197,46.729794
مؤسسة درة الشموع للتبريد والتكييف,pawnbroker,24.802299,46.729797
محامص ومكسرات,confectionery,24.803176,46.728992
مغاسل علي الجردان فرع رقم 1,laundry,24.802288,46.729462
مؤسسة ثمار القصيم ونجد للخضار والفواكه والتمور,greengrocer,24.80223,46.729462
مكتب الجردان للعقارات,estate_agent,24.801567,46.729751
حلاق مقص اللحيه,beauty,24.801547,46.72981
سرايا قرطبة للوحدات السكنية,apartment,24.7989,46.731041
برج اتصالات لموبايلي,telecommunication,24.7985,46.731307
شركة شبكات المستقبل للإتصالات,telecommunication,24.798314,46.731379
الصندوق الخيري الاجتماعي,ngo,24.797325,46.73189
Unnamed,artwork,24.964214,46.732075
Unnamed,fitness_station,24.666373,46.929384
Unnamed,fitness_station,24.666197,46.929589
Unnamed,fitness_station,24.667083,46.930118
Unnamed,fitness_station,24.66685,46.929811
Unnamed,fitness_station,24.66648,46.930151
Unnamed,fitness_station,24.666725,46.930458
Unnamed,information,24.911721,46.929586
Unnamed,attraction,24.945326,46.978564
الماجدية61,apartment,24.771783,46.695349
الماجدية61,apartment,24.771871,46.695273
بريتي نيل سبا,hairdresser_supply,24.813152,46.647116
تعبئة ماء حلو سبيل,drinking_water,25.01742,46.585399
Unnamed,picnic_site,24.792254,46.652081
مركز وادي الأمان,childcare,24.770608,46.632157
Utopia Resorts - شاليهات يوتوبيا,resort,24.85786,46.614853
Utopia Resorts,resort,24.857917,46.615248
خرائط الصحراء,appliance,24.576186,46.763671
برادات ماء,drinking_water,24.686092,46.808746
وايت ماء حلو سبيل,drinking_water,24.687849,46.809022
محطة تحلية مياه الموسى,drinking_water,24.717295,46.659772
ماء سبيل,drinking_water,24.625433,46.672103
ماء للتعبئة سبيل بنبان,drinking_water,25.019701,46.586038
ماء,drinking_water,24.890655,46.959195
محطة مياه,drinking_water,24.913232,46.603519
ماء,drinking_water,24.845986,46.60621
ماء,drinking_water,24.54231,46.521141
ماء,drinking_water,24.574487,46.556245
ماء,drinking_water,24.480853,46.618713
ماء,drinking_water,24.735629,46.400748
ماء,drinking_water,24.754512,46.414188
محطة مياه الجبيلة,drinking_water,24.894965,46.445225
ماء,drinking_water,24.604262,46.542941
The Palace Museum,museum,24.658482,46.670233
Shields and Gifts,florist,24.582878,46.671087
Palace wall,attraction,24.658803,46.629064
Palace wall,attraction,24.657168,46.628985
وسم العود,perfumery,24.770433,46.766554
Flying Tiger,general,24.767869,46.715623
ALNAMI LAW FIRM,lawyer,24.69084,46.753915
باحة الزهور,florist,24.771536,46.651395
توب مان,hairdresser,24.791629,46.651778
Unnamed,electrical,24.792208,46.653051
شاي فيصل,tea,24.792167,46.652971
Unnamed,hairdresser,24.792226,46.653103
Häagen-Dazs,ice_cream,24.793936,46.654976
Unnamed,bus_station,24.807861,46.692537
مغاسل,laundry,24.802359,46.672818
مغاسل البيت المرن,laundry,24.798883,46.666246
RKS ركس,mobile_phone,24.884477,46.61129
ATAD Advertising Est.,advertising_agency,24.667758,46.729736
العجلان ريفييرا,estate_agent,24.826508,46.602321
Unnamed,viewpoint,24.675921,46.611631
Unnamed,viewpoint,24.675243,46.617695
الشعر الاسود - black hair‭,hairdresser,24.828877,46.780989
Unnamed,bus_station,24.793799,46.699551
بارتي بوينت,gift,24.692443,46.674646
Escape Spa,massage,24.790089,46.647615
KKT orthopedic spine center,doctors,24.78992,46.647562
Dr.Paws,veterinary,24.789694,46.647443
Etejah اتجاه,consulting,24.777571,46.688034
Meznah coffee,coffee,24.757655,46.732898
المقصورة للاحتفالات و المؤتمرات,conference_centre,24.757678,46.732367
Unnamed,hairdresser,24.792621,46.644601
مجمع جود الطبي,doctors,24.818242,46.644644
موبايلي,telecommunication,24.790857,46.648007
عطلات رحلاتكم,travel_agency,24.794666,46.657912
لولوديا,gift,24.794496,46.657499
استديو سماء العدسة,photo,24.794826,46.658254
خالد محمد الدويس للعقارات,estate_agent,24.794761,46.658135
مغسلة مانه,laundry,24.794699,46.657981
Dahsha,gift,24.79437,46.6572
المحمدية للعقارات,estate_agent,24.794356,46.657138
Unnamed,tobacco,24.794315,46.65702
مركز نحو النجاح للحجامة,alternative,24.794286,46.656957
ثقة المشاهير للحلاقة,hairdresser,24.794193,46.656745
بيز و اباريق,tea,24.79424,46.656858
حكيم عيون للبصريات,optometrist,24.801403,46.673824
Bunches,florist,24.799893,46.674683
Baskin-Robbins,ice_cream,24.808402,46.669365
AANI & DANI,chocolate,24.808411,46.669478
Deraah,perfumery,24.808519,46.669715
Saco,doityourself,24.808519,46.669835
Godiva,chocolate,24.808544,46.669082
AbdulSamad AlQurashi,perfumery,24.809016,46.668707
Unnamed,bench,24.808592,46.669178
Unnamed,bench,24.808549,46.669278
Unnamed,waste_basket,24.808553,46.669277
Unnamed,waste_basket,24.80859,46.669179
Unnamed,attraction,25.007823,46.60664
احلى نفس للشيش و المعسلات,tobacco,24.746037,46.708407
شركة ولاء للتأمين,insurance,24.745806,46.707896
مزارع نجد المائية,vending_machine,24.816559,46.597785
Dorat Najd Resort,resort,24.808886,46.518889
مغاسل دانة الياسمين 1,laundry,24.835167,46.655775
AMC Riyadh Gallery 9,cinema,24.742302,46.658091
Muvi Nakheel Mall,cinema,24.764722,46.716073
Muvi U-Walk,cinema,24.735726,46.631734
Reel Granada Mall,cinema,24.781676,46.730393
Al khariah Apartment,apartment,24.691781,46.68434
White Roastery,coffee,24.795644,46.698277
Unnamed,apartment,24.927381,46.609978
Digital Water Curtain,fountain,24.76969,46.604565
Unnamed,fountain,24.768708,46.604616
Men,toilets,24.766394,46.602475
Men,toilets,24.769162,46.60512
Unnamed,fountain,24.769595,46.602574
Men,toilets,24.769015,46.603424
Women,toilets,24.768985,46.603515
Men,toilets,24.769399,46.603587
Women,toilets,24.769357,46.60367
Men,toilets,24.769288,46.604236
Women,toilets,24.769321,46.604317
Blippi,theatre,24.77031,46.605251
Barbie,theatre,24.770641,46.606054
Adidas,sports,24.771094,46.604225
Unnamed,fountain,24.766982,46.602377
Baker Alshdi,theatre,24.768863,46.606378
Boulevard Fountain,fountain,24.765004,46.60311
Unnamed,fountain,24.776532,46.604006
Unnamed,fountain,24.775512,46.602557
aDawliah,musical_instrument,24.781786,46.732229
aDawliah,musical_instrument,24.705034,46.68005
aDawliah,musical_instrument,24.698913,46.691026
aDawliah,musical_instrument,24.646325,46.716764
aDawliah,musical_instrument,24.757792,46.628723
aDawliah,musical_instrument,24.703908,46.680576
aDawliah,musical_instrument,24.809087,46.668669
إرتكان العقارية,estate_agent,24.818991,46.644337
حلاق صالون الشنب الأسود,hairdresser,24.829394,46.646082
محمصة الرفاعي,spices,24.823564,46.65523
باسكن روبنز,ice_cream,24.823322,46.655409
دكتور ام,optician,24.823339,46.655457
أوفر جار,pastry,24.823389,46.65555
دايت سنتر,health_food,24.823416,46.655653
حلم الرشاقة,health_food,24.823498,46.655789
كازا باستا,pasta,24.823538,46.655846
مغاسل الجبر,laundry,24.777094,46.629585
Electromin,charging_station,24.86384,46.643556
Electromin,charging_station,24.80357,46.750501
Electromin,charging_station,24.632804,46.563964
Electromin,charging_station,24.665953,46.699088
Electromin,charging_station,24.689823,46.594219
Electromin,charging_station,24.529795,46.653614
Electromin,charging_station,24.698094,46.773058
Electromin,charging_station,24.701048,46.770075
Electromin,charging_station,24.737355,46.707269
Electromin,charging_station,24.80809,46.663529
Electromin,charging_station,24.690978,46.732315
شركة منارات نجد للاستشارات الهندسية,consulting,24.653886,46.588508
عناية دنيا الأسرة,cosmetics,24.603727,46.758869
ونترلاند,theme_park,24.800792,46.578525
كوره بلانت,hifi,24.698425,46.854561
Unnamed,outdoor_seating,24.731462,46.64858
Unnamed,outdoor_seating,24.731423,46.648484
Unnamed,outdoor_seating,24.73138,46.648384
Unnamed,outdoor_seating,24.731553,46.648293
Unnamed,outdoor_seating,24.731598,46.648404
Unnamed,outdoor_seating,24.731638,46.648494
Unnamed,outdoor_seating,24.73164,46.648738
Unnamed,outdoor_seating,24.731379,46.648156
Unnamed,outdoor_seating,24.731299,46.648622
Unnamed,outdoor_seating,24.731505,46.64917
Unnamed,outdoor_seating,24.731092,46.648115
Unnamed,outdoor_seating,24.731572,46.647949
Unnamed,outdoor_seating,24.731769,46.648383
Unnamed,outdoor_seating,24.731953,46.648824
Unnamed,outdoor_seating,24.732057,46.649077
Azlah Travel & Tourim,travel_agency,24.578735,46.648306
Northwest Bus,ticket,24.596724,46.747808
سابتكو,ticket,24.596807,46.748049
درب الوطن,ticket,24.596861,46.748312
Unnamed,artwork,24.841459,46.733381
Unnamed,toilets,24.840876,46.73357
Sephora,cosmetics,24.841847,46.733348
Unnamed,waste_basket,24.764289,46.602848
Unnamed,waste_basket,24.765735,46.602271
Unnamed,waste_basket,24.766334,46.602944
Unnamed,waste_basket,24.76613,46.603355
Unnamed,waste_basket,24.765799,46.603895
Unnamed,waste_basket,24.764705,46.604289
Unnamed,waste_basket,24.764417,46.604244
Unnamed,waste_basket,24.764135,46.604151
Muvi Suites,cinema,24.763851,46.604417
Muvi Cinemas,cinema,24.763378,46.604068
Teatro Hall,theatre,24.763259,46.60342
Unnamed,fountain,24.767818,46.606648
Noon Store,yes,24.769548,46.602701
Al Nassr Football Club,yes,24.769417,46.603007
Le Gray,yes,24.76964,46.603077
Osma,yes,24.769465,46.603383
1886,yes,24.769276,46.603682
The Midi,yes,24.769101,46.603389
Virgin,yes,24.768983,46.603707
Shelves,yes,24.769138,46.604066
Reefi,yes,24.769172,46.603948
Lost and Found,information,24.76929,46.604204
Unnamed,waste_basket,24.769408,46.604637
Unnamed,bench,24.769412,46.604684
Unnamed,waste_basket,24.7692,46.604928
Unnamed,bench,24.769135,46.604966
Women,toilets,24.769078,46.605164
Unnamed,bench,24.769042,46.605112
Unnamed,waste_basket,24.768959,46.605168
Unnamed,bench,24.768877,46.605203
Unnamed,bench,24.768906,46.605192
Lucaland,dog_park,24.768822,46.605399
Unnamed,bench,24.768654,46.605229
Unnamed,waste_basket,24.768637,46.605228
Unnamed,bench,24.768191,46.604876
Unnamed,waste_basket,24.768162,46.604814
Takenda,amusement_arcade,24.767732,46.605516
Bob's Famous,bowling_alley,24.767401,46.605089
Aleph,yes,24.767336,46.604785
MLW,yes,24.767051,46.604522
Invisibilia,amusement_arcade,24.766657,46.604875
Merwas,amusement_arcade,24.766473,46.604626
XIX,yes,24.766691,46.604551
Unnamed,waste_basket,24.766734,46.604558
Unnamed,waste_basket,24.767126,46.604119
Unnamed,waste_basket,24.767183,46.604162
Unnamed,waste_basket,24.7673,46.60428
Globe,artwork,24.767697,46.604589
ممشى اللؤلؤة,theme_park,24.574021,46.758356
Unnamed,waste_basket,24.765011,46.604324
Odyseey VR,amusement_arcade,24.767569,46.605034
Doos Karting,amusement_arcade,24.769521,46.604241
Garden,amusement_arcade,24.770608,46.604399
Men,toilets,24.771313,46.604056
Unnamed,waste_basket,24.987381,46.783748
Unnamed,waste_basket,24.987007,46.783868
Unnamed,waste_basket,24.986749,46.783949
Unnamed,waste_basket,24.986593,46.784002
Unnamed,waste_basket,24.986349,46.784079
Unnamed,waste_basket,24.985965,46.7842
Unnamed,waste_basket,24.985637,46.784305
Unnamed,waste_basket,24.985477,46.784356
Unnamed,information,24.912119,46.721531
Unnamed,information,24.917698,46.723917
Unnamed,information,24.920906,46.722527
Unnamed,information,24.919776,46.7221
Unnamed,information,24.914664,46.723915
Unnamed,information,24.892657,46.714141
Unnamed,information,24.893357,46.715338
Faces,perfumery,24.768901,46.603865
Dalal Boutique,yes,24.767222,46.603109
Candy Shop,confectionery,24.767319,46.603455
Miniso,variety_store,24.767002,46.603325
AEN,yes,24.767192,46.603317
ثمار بيروت,greengrocer,24.700256,46.673458
Unnamed,waste_basket,24.742258,46.576698
Unnamed,waste_basket,24.742458,46.57753
Saudi Systems For Travil,travel_agency,24.701297,46.681064
قاعة المجد للإحتفالات,conference_centre,24.755501,46.772869
Unnamed,waste_basket,24.741259,46.577931
Unnamed,waste_basket,24.742645,46.578644
Unnamed,waste_basket,24.742044,46.57935
Unnamed,waste_basket,24.7407,46.586185
Unnamed,bench,24.740704,46.58621
Unnamed,toilets,24.638675,46.709341
Beauty Basics Salon,beauty,24.771862,46.762796
سوق الزل,marketplace,24.628967,46.712238
سوبر أوفيس,coworking,24.594855,46.695111
Home,nursing_home,24.691557,46.846829
Unnamed,bench,24.740411,46.58533
Unnamed,waste_basket,24.740401,46.58531
Unnamed,tyres,24.611952,46.673966
Biolab,doctors,24.807653,46.614935
Biolab,doctors,24.764237,46.716297
شركة المعماريون الخليجيون للمقاولات,consulting,24.7383,46.797917
دار حبكة للخياطة الرجالية,tailor,24.701379,46.675107
مؤسسة فقاعات للتجارة,yes,24.701291,46.674909
الجريبة للبلاستيك والمنظفات,marketplace,24.701273,46.674853
لاما روز محل ورد وهدايا بلونات تنسيق الهدايا باقات الزهور - Lama Rose,marketplace,24.701015,46.674315
سلة السكاكر,marketplace,24.700931,46.674014
خياط النقوة,tailor,24.700733,46.673617
مغسلة ملابس,laundry,24.699603,46.670933
Unnamed,yes,24.57,46.669277
Unnamed,yes,24.613218,46.759789
كوبال للإنارة,marketplace,24.685546,46.675372
مطابخ ستوزا كوتشيني,marketplace,24.685205,46.675587
مطابخ بيت الاباء,marketplace,24.685134,46.675635
مطابخ بريجيتا الألمانية,marketplace,24.685046,46.675675
صالون دونا للتزيين النسائي,beauty,24.685122,46.675924
شبكة المطابخ,marketplace,24.685688,46.675357
شركة الحقيل التجارية,marketplace,24.685801,46.675308
سمنان لحلول المياه,marketplace,24.685979,46.675209
مطابخ استرا الايطالية,marketplace,24.686058,46.675182
Spa Massge for men,physiotherapist,24.685714,46.675804
العاب الزعيم,video_games,24.685293,46.67635
الشجاع للخضارة والفواكة,greengrocer,24.685431,46.676699
سلسلة نقاط التركيز للخدمات التسويقية,advertising_agency,24.685461,46.676779
ستوديو,photo,24.685497,46.676848
Kodak Express,photo,24.68556,46.677011
حلاق وجهه اخر,hairdresser,24.685654,46.677228
فاروق بن محمد بن غالب المهري للمستلزمات الرجالية,marketplace,24.685702,46.677332
مملكة الكوشة تغليف الهدايا والبالونات,marketplace,24.685737,46.677424
مؤسسة العفيف للتجارة,marketplace,24.686784,46.674771
مؤسسة زهرة الربيع للكهرباء والسباكة,marketplace,24.686707,46.674807
الصقية للأدوات الصحية والسباكة,marketplace,24.686612,46.674858
شركه للعوازل عزل خزانات عزل اسطح بالرياض,marketplace,24.686527,46.674914
مجموعة الربيعة لمواد البناء والكهرباء,marketplace,24.686481,46.675032
الربيعة للأنارة والكرستال,marketplace,24.68687,46.674747
مؤسسة طلة الكهرباء للتجارة,marketplace,24.68695,46.674704
شركة دنيا الابتكار للتجارة,marketplace,24.687032,46.674663
شركة أنوار المعرض السعودي للتجارة,marketplace,24.687096,46.674635
شركة الوفاء المعمار للتجارة,marketplace,24.687162,46.674605
مؤسسة رمال طيبة التجارية لمواد البناء,marketplace,24.686466,46.674943
شركة تميز المعمار للتجارة,marketplace,24.687234,46.674575
الفالح,yes,24.696249,46.684219
العربية للعود,yes,24.69509,46.684698
ليمون للأزياء,yes,24.694763,46.684913
Unnamed,bus_station,24.644256,46.700869
Unnamed,bus_station,24.645721,46.710867
Unnamed,bus_station,24.645467,46.710909
حلويات سعدالدين,food_court,24.657897,46.710217
Universe Events,yes,24.636899,46.535371
وايت ماء شمال الرياض,yes,24.760516,46.715203
Unnamed,attraction,24.775818,46.73906
Unnamed,bench,24.776143,46.739028
دورة مياه نساء,public_bath,24.774128,46.615259
Baskin-Robbins,ice_cream,24.744997,46.620514
العنود بارك مول,department_store,24.571976,46.753446
Nextcare,insurance,24.742331,46.649362
أحمد المغربي للعطور,perfumery,24.627923,46.709715
أحمد المغربي للعطور,perfumery,24.817114,46.782591
أحمد المغربي للعطور,perfumery,24.762228,46.722625
وكالة مشعل للدعاية والاعلان,advertising_agency,24.653922,46.752931
سبيكس للبصريات SPEX Optical,optician,24.801644,46.601195
Traditional Architecture Museum,museum,24.733609,46.573815
Ibrahim bin Saud Palace,information,24.73336,46.574283
Unnamed,waste_basket,24.733567,46.573478
Water bottles for visitors,drinking_water,24.732747,46.574599
Unnamed,waste_basket,24.733965,46.573857
Unnamed,toilets,24.733265,46.576231
Unnamed,toilets,24.733867,46.575233
Ibrahim bin Saud Palace,information,24.733985,46.574647
Unnamed,toilets,24.734228,46.574064
Atturaif Souk,information,24.734151,46.574243
Unnamed,toilets,24.733502,46.574907
Atturaif Souk,information,24.734004,46.574492
Unnamed,viewpoint,24.73429,46.575142
Unnamed,toilets,24.734244,46.576324
Water bottles for visitors,drinking_water,24.733892,46.575289
Water bottles for visitors,drinking_water,24.734092,46.57628
Tickets Check,ticket,24.734352,46.575897
A ماركت,marketplace,24.552576,46.620461
حلاق لمسة القمة,hairdresser,24.783112,46.618172
Mini Market,marketplace,24.784087,46.617994
مغسلة,laundry,24.783202,46.618121
تموينات جسر العوده للمواد الغذاىية,marketplace,24.783155,46.618142
مغسلة ملابس,laundry,24.784125,46.618089
Rayhanah Oasis,apartment,24.689004,46.727678
Solid Design Studio,advertising_agency,24.812223,46.647858
Saudi Heritage Preservation Society,foundation,24.64685,46.708189
لومي,motorcycle_rental,24.698945,46.63975
Biolab,doctors,24.789903,46.766535
مياه صالحة للشرب مجانيه,drinking_water,24.564596,46.807402
مقهى دوار المربع,coffee,24.658142,46.704983
Sands Inn Hostel,hostel,24.665789,46.706323
مكين ٥٢,apartment,24.886562,46.625987
Home,hostel,24.740011,46.770319
صالون الجمال في شعري,beauty,24.848125,46.629428
Red Marble Market,butcher,24.8335,46.734461
Baja,nuts,24.769195,46.691082
etna artisan gelato,ice_cream,24.76437,46.692655
Patchi,chocolate,24.564896,46.575357
العالم الافتراضي,games,24.779956,46.666963
باتشي,chocolate,24.769588,46.711631
كارميه,chocolate,24.769301,46.711778
باجة,nuts,24.772058,46.710315
حلويات سعد الدين,pastry,24.772106,46.710296
تاوة,chocolate,24.771997,46.710346
جزيل,chocolate,24.76952,46.711668
الماسة المصيف,dry_cleaning,24.761061,46.684807
تموينات لنا,grocery,24.69883,46.810797
اجهزة طبية,medical_supply,24.761495,46.672295
داش كاك السعودية,camera,24.761601,46.67223
Baskin-Robbins,ice_cream,24.806162,46.692796
عالم التسوق,general,24.701209,46.771588
بحر الأسعار,general,24.70186,46.77134
بحر الأسعار,general,24.581232,46.611353
دهانات الجزيرة,paint,24.753016,46.676543
Baskin-Robbins,ice_cream,24.756093,46.683996
للمفاتيح,locksmith,24.762457,46.677107
مركز لطف الانسان الطبي للاستشارات والعلاج النفسي,therapist,24.777528,46.665187
Unnamed,chocolate,24.747769,46.662307
Masdar,doityourself,24.844445,46.756997
Masdar,doityourself,24.653292,46.801538
Masdar,doityourself,24.53182,46.718406
Masdar,doityourself,24.641951,46.752486
Masdar,doityourself,24.869586,46.639465
Masdar,doityourself,24.555672,46.518382
Masdar,doityourself,24.828402,46.821944
Masdar,doityourself,24.600377,46.819004
أسواق العويس,marketplace,24.737778,46.661058
RHSA3248,apartment,24.707633,46.711506
مركز التنمية الاجتماعية بالدرعية,social_facility,24.745069,46.567844
Saudia Experience Store,travel_agency,24.845052,46.734814
شاي سلمة,tea,24.698574,46.749554
المحكمة العامة,courthouse,24.626164,46.712722
ملاهي الخيمة,theme_park,24.724922,46.67975
Unnamed,marketplace,24.693932,46.777049
Al Morsalat Mobile market,mobile_phone,24.747104,46.684299
المؤسسة العامة للتأمينات الاجتماعية الفرع الرئيسي,social_centre,24.689932,46.715831
Forum & Computer Center,community_centre,24.717067,46.619406
Grand Auditorium & Theaters,theatre,24.717313,46.620286
University Center,community_centre,24.717159,46.618825
Unnamed,toilets,24.588089,46.693884
أسواق الراجحي,general,24.587081,46.666021
مجلس الصحة لدول مجلس التعاون,yes,24.673084,46.625606
المنظمة العربية للهلال الأحمر والصليب الأحمر,association,24.673645,46.624854
المحكمة الجزائية,courthouse,24.625117,46.71165
بلدية العريجاء الفرعية,townhall,24.603421,46.627857
Unnamed,bus_station,24.76717,46.871142
شركة عبداللطيف جميل للسيارات,yes,24.57103,46.664941
Unnamed,museum,24.623358,46.671146
Unnamed,yes,24.56871,46.838594
Unnamed,yes,24.569622,46.837151
Unnamed,yes,24.561004,46.848758
الفحص الدوري,vehicle_inspection,24.820568,46.784244
الدار العربية للطباعة والنشر,publisher,24.801412,46.629814
Hall No. 1,exhibition_centre,24.750622,46.726265
Hall No. 2,exhibition_centre,24.751066,46.726332
Hall No. 3,exhibition_centre,24.75144,46.726387
Hall No. 4,exhibition_centre,24.751847,46.726448
G114 Auditorium,yes,24.751449,46.725669
VIP,exhibition_centre,24.751899,46.725737
Admin,yes,24.751058,46.725608
Main Lounge,yes,24.751929,46.725737
Lecture Hall 1/2,yes,24.751791,46.725598
Unnamed,yes,24.751823,46.725904
Reception Hall 3,yes,24.751893,46.725916
Reception Hall 2,yes,24.751991,46.725932
منتجع وسبا الوصيل,resort,24.868391,46.449666
Unnamed,yes,24.725247,46.691649
Unnamed,artwork,24.724971,46.709919
Unnamed,artwork,24.72569,46.709074
Unnamed,artwork,24.726061,46.707997
Unnamed,artwork,24.726943,46.707964
Unnamed,artwork,24.727968,46.710573
Unnamed,artwork,24.726578,46.710933
Unnamed,artwork,24.725366,46.711397
مجمع الدوائر الشرعية,courthouse,24.746859,46.569962
Unnamed,driving_school,24.885419,46.558261
مكتب التربية العربي لدول الخليج,educational_institution,24.677126,46.623639
Unnamed,yes,24.682568,46.625395
Unnamed,marketplace,24.742847,46.825473
Unnamed,marketplace,24.723981,46.857569
Unnamed,cinema,24.697811,46.860557
Unnamed,museum,24.697373,46.863085
Unnamed,shelter,24.616665,46.771332
Unnamed,administrative,24.518118,46.889308
Unnamed,administrative,24.518703,46.889731
سوق الاغنام,animal_boarding,24.587609,46.747344
Unnamed,shelter,24.594619,46.742088
Unnamed,shelter,24.595371,46.734636
Unnamed,shelter,24.59643,46.734057
Unnamed,shelter,24.594665,46.734043
Unnamed,shelter,24.59508,46.735238
شاليهات بحيرة اليمامة,resort,24.455257,46.98403
Unnamed,educational_institution,24.647961,46.704711
Unnamed,educational_institution,24.614877,46.727766
سجن الحاير,prison,24.449319,46.811996
سوق طيبة,marketplace,24.734429,46.662942
Unnamed,marketplace,24.825222,46.770361
Unnamed,theme_park,24.868032,46.8076
واحة الملك سلمان للعلوم,museum,24.775546,46.751674
متحف,museum,24.599599,46.695114
STC مجمع الملك عبد العزيز للاتصالات,it,24.752854,46.690428
منتزه الملك عبدالله,yes,24.666544,46.736846
Unnamed,nature_reserve,24.641465,46.7087
Unnamed,garden_centre,24.996347,46.546339
هيئة التقييس لدول مجلس التعاون لدول الخليج العربية,association,24.671415,46.625434
مؤسسة الملك عبدالله بن عبدالعزيز العالمية للأعمال الانسانية,foundation,24.706541,46.655389
United Nations,social_centre,24.684227,46.622472
ساحة العروض,events_venue,24.751992,46.738947
311 Buildings,educational_institution,24.482956,46.622966
مبنى 45,it,24.75313,46.694371
MVPI FAHAS SHIFA DIRAB,vehicle_inspection,24.510839,46.641614
Unnamed,educational_institution,24.663982,46.649374
واحة الملك سلمان للعلوم,arts_centre,24.741172,46.60241
Unnamed,storage_rental,24.607844,46.768087
مبنى التأهيل,hospice,24.68734,46.702224
مستودعات شركة الجميح للسيارات,storage_rental,24.722821,46.782949
Unnamed,marketplace,24.733859,46.661637
STC Sales Office,telecommunication,24.587815,46.603602
المهرجان الوطني للتراث والثقافة بالجنادرية,yes,24.960784,46.798523
Unnamed,marketplace,24.627461,46.72118
Unnamed,artwork,24.727241,46.708956
ملاهي البعيجان,theme_park,24.872205,46.593038
مركز الرعاية الصحية بالعريجاء الجنوبي,hospice,24.612841,46.606007
أسواق ريمان,marketplace,24.584699,46.626483
الجلسان للاحتفالات,theatre,24.572543,46.67064
تعبئة المياة السويدي,water_utility,24.590936,46.703014
مدرسة تعليم القيادة بالغرب,driving_school,24.587326,46.699546
الإتصالات السعودية,telecommunication,24.576719,46.680805
تودو,yes,24.602977,46.629264
متحف صقر الجزيرة للطيران,museum,24.753742,46.738362
مركز الملك سلمان الاجتماعي,social_facility,24.753127,46.72947
المحكمة العليا,courthouse,24.760459,46.651962
محكمة الاستئناف بالرياض,courthouse,24.755573,46.654633
شركة الاتصالات السعودية,telecommunication,24.759498,46.692152
شركة المياه الوطنية,water_utility,24.574312,46.531383
شقق ليالي جنتي,apartment,24.58371,46.547225
مركز الرعاية الصحية الأولية,hospice,24.582114,46.560466
Unnamed,telecommunication,24.588048,46.603279
Unnamed,shelter,24.725357,46.640604
مركز الرعاية الصحية الأولية القديم,hospice,24.589164,46.606563
محطة مياه البديعة 3,water_utility,24.576853,46.606077
Unnamed,toilets,24.581975,46.587639
سوق الخضار,shelter,24.58251,46.587127
سوق الخضار,greengrocer,24.580722,46.588384
محطة وادي لبن للمياه,water_utility,24.632215,46.584911
النقل العام الرياض,bus_station,24.595679,46.748086
المدرسة النموذجية لتعليم قيادالسيارات,driving_school,24.776202,46.641007
Olaya Specialized Computer services,computer,24.681358,46.690854
الإدارة العالمة للحدائق,townhall,24.597618,46.630376
Unnamed,sports_hall,24.789802,46.718096
جمعية إنسان لرعاية الأيتام الادارة العامة,community_centre,24.688683,46.776896
شركة المياه الوطنية (الصيانة الثانية),water_utility,24.604771,46.767286
Unnamed,hospice,24.598023,46.737587
Unnamed,theme_park,24.858527,46.59322
Unnamed,museum,24.858349,46.592407
Unnamed,marketplace,24.858262,46.59336
Unnamed,shelter,24.790888,46.741956
سدر,yes,24.775867,46.802273
Administration,yes,24.778323,46.803708
Unnamed,yes,24.696676,46.817186
Unnamed,shelter,24.713661,46.618355
Unnamed,shelter,24.713848,46.61836
Unnamed,shelter,24.714038,46.618348
Unnamed,shelter,24.714225,46.618355
Unnamed,shelter,24.71441,46.618369
Unnamed,shelter,24.714608,46.618367
Unnamed,shelter,24.71347,46.618343
Unnamed,shelter,24.714426,46.617088
Unnamed,shelter,24.71424,46.617125
Unnamed,shelter,24.714054,46.6172
Unnamed,shelter,24.713866,46.617306
Unnamed,shelter,24.713674,46.617442
Unnamed,shelter,24.713292,46.618209
Unnamed,shelter,24.714613,46.617471
Unnamed,shelter,24.714613,46.616729
Unnamed,shelter,24.714807,46.616726
Unnamed,shelter,24.714801,46.61753
Unnamed,shelter,24.713478,46.617543
Unnamed,shelter,24.714791,46.618098
Unnamed,shelter,24.714778,46.618669
Unnamed,shelter,24.714941,46.618674
Unnamed,shelter,24.714943,46.618099
Unnamed,shelter,24.714952,46.617554
Unnamed,shelter,24.714969,46.616832
Unnamed,shelter,24.715133,46.618304
Unnamed,shelter,24.715297,46.618316
Unnamed,shelter,24.715482,46.618312
Unnamed,shelter,24.71567,46.618301
Unnamed,shelter,24.715865,46.618301
Unnamed,shelter,24.716043,46.618308
Unnamed,shelter,24.716243,46.61831
Unnamed,shelter,24.71605,46.620097
Unnamed,shelter,24.715856,46.620091
Unnamed,shelter,24.715691,46.620081
Unnamed,shelter,24.715501,46.619962
Unnamed,shelter,24.715332,46.619976
Unnamed,shelter,24.715165,46.619964
Unnamed,shelter,24.714985,46.619944
Unnamed,shelter,24.714797,46.619954
Unnamed,shelter,24.714627,46.619957
Unnamed,shelter,24.716563,46.617258
Unnamed,shelter,24.716762,46.616111
Unnamed,shelter,24.716767,46.617081
Unnamed,shelter,24.716618,46.618142
Unnamed,shelter,24.716421,46.618146
Unnamed,toilets,24.587404,46.604027
سوق عتيقة للخضار والفواكة والتمور,greengrocer,24.602826,46.709074
مركز الرعاية الصحية الأولية بحي لبن الشرقي,hospice,24.654234,46.57304
المدرسة السعودية للقيادة,driving_school,24.859668,46.712835
Unnamed,driving_school,24.860092,46.711336
واجهة الرياض للمعارض و المؤتمرات,exhibition_centre,24.835019,46.729658
محطة الدريس,general,24.745529,46.580177
مبنى محافظة الدرعية,townhall,24.738858,46.578181
Dar Salma Bint Hamza For Memorising The Quran,educational_institution,24.745988,46.577963
Unnamed,educational_institution,24.743408,46.578511
Unnamed,educational_institution,24.743085,46.578631
Unnamed,educational_institution,24.742789,46.578313
Unnamed,greengrocer,24.745408,46.579332
Fahad Hassan Al-Garni Office for General Services,yes,24.744708,46.579539
Snowball Barbers,beauty,24.74386,46.579865
Unnamed,toilets,24.741996,46.579845
Unnamed,paint,24.745435,46.578968
Unnamed,art,24.747911,46.571839
Unnamed,hairdresser,24.745439,46.57135
Unnamed,yes,24.740848,46.572467
Unnamed,yes,24.741071,46.572277
Unnamed,yes,24.745143,46.573668
gas filling dirriyah,gas,24.752151,46.579541
Arabian Horse Museum,museum,24.732895,46.574643
Unnamed,bus_stop,24.724399,46.785953
Unnamed,bus_stop,24.716774,46.791591
Unnamed,bus_station,24.708351,46.797823
Unnamed,bus_station,24.702449,46.802494
Unnamed,bus_stop,24.701357,46.803189
Unnamed,bus_stop,24.572536,46.636079
Unnamed,bus_station,24.571798,46.636669
Unnamed,bus_stop,24.576479,46.63318
Unnamed,bus_stop,24.583938,46.627679
كتابة العدل بغرب الرياض,courthouse,24.65407,46.579659
Specialized Children Hospital,hospice,24.688257,46.702615
Unnamed,shelter,24.997448,46.702576
Unnamed,shelter,24.996993,46.701655
Unnamed,shelter,24.997242,46.702131
مركز صحي الزهرة,hospice,24.582249,46.638104
Unnamed,bus_stop,24.56257,46.643393
Unnamed,gas,24.590774,46.60068
العصيمي للغاز,gas,24.601184,46.628014
العصيمي للغاز,gas,24.592411,46.624582
بلدية محافظة الدرعية,townhall,24.738599,46.58281
Unnamed,outdoor,24.767139,46.755775
Unnamed,outdoor,24.763307,46.745776
Unnamed,shelter,25.00421,46.489175
Unnamed,shelter,24.793476,46.835066
Unnamed,shelter,24.793308,46.835167
Unnamed,shelter,24.793141,46.83529
Unnamed,shelter,24.793022,46.835469
Unnamed,shelter,24.793564,46.834804
Unnamed,shelter,24.794152,46.83678
Unnamed,shelter,24.794325,46.836671
Unnamed,shelter,24.793986,46.83689
Unnamed,shelter,24.794552,46.837986
Unnamed,shelter,24.794725,46.837883
Unnamed,shelter,24.7949,46.837766
Unnamed,shelter,24.794396,46.838077
Unnamed,shelter,24.7938,46.837021
Unnamed,shelter,24.794433,46.836447
Unnamed,shelter,24.79515,46.837807
Unnamed,shelter,24.795175,46.838422
Unnamed,shelter,24.794929,46.838578
Unnamed,shelter,24.793741,46.837264
مبنى 24,computer,24.756243,46.691491
مبنى 26,mobile_phone,24.756432,46.69194
العمادة,yes,24.757989,46.690813
القبول,telecommunication,24.756813,46.690355
خدمة المجتمع,social_centre,24.757475,46.690827
مبنى 18 المسرح,theatre,24.757893,46.689985
Visitor Centre,information,24.73422,46.576246
الطريف,attraction,24.733153,46.572739
حي الغصيبة,attraction,24.746046,46.561919
شركة الاتصالات السعودية,telecommunication,24.832801,46.733655
Unnamed,theatre,24.740937,46.60154
بحر الاسعار المونسية,variety_store,24.830733,46.789139
Almanea,appliance,24.821686,46.789161
Alam Al Hazazy,variety_store,24.822049,46.789939
الطيار للشحن,courier,24.918015,46.698047
اسواق مكة,marketplace,24.620497,46.705548
Unnamed,notary,24.695697,46.595517
قصر السفارات للاحتفالات,events_venue,24.653941,46.592734
Unnamed,horse_riding,24.996732,46.79208
Unnamed,horse_riding,25.002294,46.790051
Unnamed,horse_riding,25.001829,46.786736
Unnamed,horse_riding,25.001586,46.785396
Unnamed,horse_riding,25.000769,46.783567
Unnamed,horse_riding,24.999705,46.781467
Unnamed,horse_riding,24.995378,46.780812
Unnamed,horse_riding,24.99761,46.780056
Unnamed,horse_riding,24.962152,46.782609
Unnamed,horse_riding,24.959624,46.778116
Unnamed,horse_riding,24.965968,46.775931
Unnamed,horse_riding,24.978217,46.766709
Unnamed,horse_riding,24.978645,46.769533
Unnamed,horse_riding,24.979498,46.768888
Unnamed,bleachers,24.983666,46.934325
Unnamed,bleachers,24.984489,46.934502
Unnamed,bleachers,24.45375,46.813014
Unnamed,bleachers,24.453523,46.814217
محمية الإمام عبدالعزيز بن محمد الملكية,nature_reserve,25.70416,47.534561
Unnamed,toilets,24.74314,46.577855
مساعدة من أجلك H4u,computer,24.636733,46.548649
Unnamed,greengrocer,24.580725,46.588516
وسم العود,perfumery,24.770377,46.766609
مركز الملك عبدالله للدراسات والبحوث البترولية,association,24.871705,46.712018
مساعدة من أجلك H4u,computer,24.653882,46.592157
بوليفارد ٢٠٣٠,marketplace,24.829319,46.5707
Unnamed,animal_shelter,25.010483,46.598229
Unnamed,shelter,25.007325,46.60686
Unnamed,shelter,25.010654,46.607471
Unnamed,shelter,25.011243,46.608285
Unnamed,shelter,25.009907,46.603971
Unnamed,shelter,25.009866,46.601524
Unnamed,shelter,25.008283,46.602303
Unnamed,shelter,25.007415,46.600799
Unnamed,shelter,25.006915,46.600328
Unnamed,shelter,25.008989,46.600745
Unnamed,shelter,25.007455,46.602229
Unnamed,shelter,25.011085,46.603167
Unnamed,shelter,25.012489,46.602437
Unnamed,shelter,25.012246,46.600725
Unnamed,shelter,25.011828,46.603499
Unnamed,shelter,25.011054,46.603936
Unnamed,shelter,25.012462,46.60484
Unnamed,shelter,25.012511,46.605659
Unnamed,shelter,25.013042,46.604478
Unnamed,shelter,25.00938,46.59935
Unnamed,shelter,25.006699,46.599037
Dorat Najd Resort,resort,24.808664,46.518875
Unnamed,fountain,24.779914,46.803663
Unnamed,sports_hall,24.77756,46.801652
Unnamed,baby_goods,24.773011,46.803733
Unnamed,chemist,24.772099,46.804383
Unnamed,toilets,24.769486,46.605064
بوليفارد رياض سيتي,attraction,24.768413,46.604807
عالم البوليفارد,theme_park,24.776675,46.600958
Unnamed,bleachers,24.768076,46.603079
مسرح محمد عبده,theatre,24.772181,46.606398
قاعة مؤتمرات مركز الملك عبدالله المالي,conference_centre,24.760685,46.642012
Unnamed,shelter,24.754514,46.693117
Unnamed,shelter,24.754953,46.694295
Unnamed,fountain,24.723977,46.646289
Unnamed,bus_station,24.779567,46.663562
King Abdulaziz 04,bus_station,24.76001,46.673365
Unnamed,bus_station,24.715448,46.696822
Unnamed,bus_station,24.709233,46.709078
Unnamed,bus_stop,24.70699,46.716053
نادي الفروسية,horse_riding,24.663656,46.734689
Unnamed,fountain,24.731511,46.648441
Unnamed,bus_station,24.724761,46.653381
Unnamed,fountain,24.724154,46.64666
Unnamed,public_bath,24.726914,46.646138
Unnamed,shelter,24.596686,46.735775
Unnamed,shelter,24.602298,46.732884
Unnamed,shelter,24.608696,46.729749
Unnamed,shelter,24.616957,46.725829
Unnamed,shelter,24.625541,46.720996
Unnamed,shelter,24.627644,46.719215
Unnamed,shelter,24.632163,46.716587
Unnamed,shelter,24.634743,46.717214
Unnamed,shelter,24.652315,46.712902
Unnamed,shelter,24.652148,46.689339
Unnamed,shelter,24.656432,46.687294
Unnamed,shelter,24.659538,46.682637
Unnamed,shelter,24.654929,46.676111
Unnamed,fountain,24.841437,46.733279
Unnamed,bench,24.841575,46.733154
Unnamed,bench,24.84132,46.733129
Unnamed,bench,24.841289,46.733387
Unnamed,bench,24.841481,46.733471
Unnamed,bench,24.841516,46.733479
Unnamed,bench,24.841594,46.733135
Unnamed,bench,24.841362,46.733085
Unnamed,bench,24.841282,46.733415
Unnamed,fountain,24.839329,46.732553
Unnamed,fountain,24.839593,46.732651
Unnamed,fountain,24.840341,46.73295
Unnamed,fountain,24.840744,46.733093
Unnamed,fountain,24.842157,46.733723
Unnamed,fountain,24.84258,46.733888
Unnamed,fountain,24.84359,46.734243
Unnamed,fountain,24.843958,46.734366
Unnamed,picnic_site,24.767868,46.604764
Unnamed,outdoor_seating,24.766943,46.604042
Unnamed,outdoor_seating,24.767053,46.604212
Unnamed,outdoor_seating,24.766983,46.604408
Unnamed,outdoor_seating,24.766791,46.604461
Unnamed,fountain,24.76957,46.606034
Unnamed,fountain,24.769417,46.606105
Unnamed,outdoor_seating,24.985757,46.784042
Unnamed,toilets,24.822868,46.760683
يوني بارت,logistics,24.910144,46.695819
بنشر,compressed_air,24.70827,46.673084
سبع خطوات لتنظيم المعارض,events_venue,24.697308,46.670654
Almuhaidb Takhasosi value,motel,24.68563,46.675614
Huawei,mobile_phone,24.696485,46.68519
Unnamed,events_venue,24.709668,46.667769
Unnamed,events_venue,24.709853,46.668199
دار  ام الحارث الانصاريه,hospice,24.705292,46.666491
Banna corner ركن بنى,beauty,24.831913,46.649765
محكمة الأحوال الشخصية,courthouse,24.808758,46.66449
Unnamed,childcare,24.811337,46.662039
مركز الرعاية الصحية الاولية بالياسمين,yes,24.826061,46.625127
النادي الادبي,community_centre,24.667086,46.732611
Unnamed,charging_station,24.808251,46.663439
Unnamed,coffee,24.807879,46.663344
public toilet men's and womens,public_bath,24.675511,46.728528
مركز التأهيل الشامل للإناث,rehabilitation,24.692878,46.725891
حفلات و مناسبات,events_venue,24.815966,46.666331
Unnamed,gas,24.670869,46.736359
Unnamed,shelter,24.837067,46.666425
قلعة الصغار لضيافة الأطفال,childcare,24.836152,46.677967
Unnamed,outdoor_seating,24.697499,46.739967
Unnamed,prison,24.657238,46.732421
دورات مياه رجال عامة,public_bath,24.713875,46.664368
Unnamed,yes,24.70703,46.714119
شركة علي زيد القرشي وإخوانة,foundation,24.695328,46.735546
King Abdulaziz 05,bus_station,24.746112,46.680401
حضانة الأيدي الصغيرة,childcare,24.726337,46.675559
معهد الخليج للتدريب والتطوير الدائري الدائري الشرقي سابقا (فرع النزهة ),language_school,24.755588,46.707408
بيت الثقافة _ واحة الملك سلمان,museum,24.779621,46.705993
Unnamed,public_bath,24.774165,46.686899
ادناء الاسعار,variety_store,24.764839,46.692185
Unnamed,theatre,24.753952,46.692135
محل بيع غاز,gas,24.755876,46.672274
مركز لُطف الإنسان,therapist,24.777498,46.665167
Unnamed,yes,24.778589,46.684524
المجموعة السعودية للأبحاث والإعلام,yes,24.675655,46.682256
Unnamed,public_bath,24.788344,46.657733
Unnamed,miniature_golf,25.000727,46.50904
Unnamed,hookah_lounge,25.002003,46.509259
MDL Big Beast Stage,bandstand,24.997062,46.501761
معهد النور للكفيفات,educational_institution,24.774772,46.663482
المجمع الملكي للفنون,community_centre,24.718331,46.709265
Trade And Treasury Museum,museum,24.733798,46.576007
Moudhi Endowment,museum,24.7336,46.576226
قلعة المصمك,museum,24.631208,46.713329
Unnamed,toilets,24.830371,46.621827
المخازن الاقتصادية,general,24.598414,46.639228
