latitude,longitude,name,category
24.7436082,46.6580521,Riyadh Gallery Mall,shops
24.6929404,46.6709629,Panorama Mall,shops
24.7427736,46.6797742,Hayat Mall,shops
24.7118668,46.6753758,Kingdom Centre,shops
24.7566256,46.6293917,Riyadh Park,shops
24.8413865,46.7332576,Roshn Front - Shopping Area,shops
24.767943,46.714936,Cenomi Al Nakheel Mall %7C %D8%B3%D9%8A%D9%86%D9%8,shops
24.7813982,46.7301076,Granada Mall,shops
24.6899662,46.6867455,Al Faisaliah Mall,shops
24.6629868,46.7035022,Riyadh Avenue Mall,shops
24.7400274,46.682203,Sahara Mall,shops
24.7236772,46.6649343,Royal Mall,shops
24.6670649,46.6263991,VIA Riyadh,shops
24.600792,46.697682,Al Qasr Mall,shops
24.5956952,46.6327941,Riyadh International Market Shopping Center,shops
24.6667819,46.6874759,Nojoud Mall,shops
24.6289429,46.7121915,Souk Al Zal,shops
24.7424667,46.6580068,The Face Shop,shops
24.7220629,46.6559325,"FYI ,Concept Store",shops
24.7138647,46.6721444,LA SHOP,shops
24.8385323,46.732319,Roshn Front,shops
24.7363336,46.6315963,Cenomi U Walk %7C %D8%B3%D9%8A%D9%86%D9%88%D9%85%D,shops
24.74304,46.658516,Diane von Furstenberg,shops
24.7127755,46.6837364,%D9%87%D8%AF%D8%A7%D9%8A%D8%A7 %D9%85%D9%8A%D8%B1%,shops
24.697906,46.683424,Louis Vuitton Riyadh Centria,shops
24.74385,46.656983,Splash - Riyadh Gallery Mall,shops
24.7259243,46.6435257,The Esplanade Mall,shops
24.6769901,46.677852,Awal Plaza by Dur Hospitality,shops
24.6668319,46.6267534,%D8%A3%D8%B1%EF%BA%97%EF%BB%94%EF%BB%B4%EF%BB%A8%E,shops
24.6928262,46.6699138,Anotah,shops
24.7105915,46.6676135,The Cube,shops
24.7559059,46.6301987,lululemon - Riyadh Park,shops
24.6671039,46.6269599,MWAZ,shops
24.7112724,46.6750445,"Graff Riyadh, The Kingdom Centre",shops
24.6917786,46.6693405,Panorama mall gate no 2,shops
24.6894262,46.634109,Pattern Concept Store,shops
24.699621,46.6926354,ROMANA STORE - LOCALIZER MALL,shops
24.6905916,46.6851587,Abercrombie %26 Fitch,shops
24.75371,46.5415971,Diriyah Square,shops
24.6893548,46.685688,COS,shops
24.7116624,46.6744857,Kingdom Tower Riyadh,shops
24.743141,46.657996,Birkenstock- Riyadh Gallery Mall,shops
24.7039245,46.6803438,Al Akaria Mall,shops
24.7434709,46.6794048,Kipling,shops
24.7306922,46.6724934,THE SNEAKER BOX,shops
24.6887202,46.6845339,Boss,shops
24.6535151,46.7455109,7B Studio%E2%84%A2 %E2%80%93 Printing %7C Packagin,shops
24.7349009,46.6790055,SACO World,shops
24.6977274,46.6828786,Mouawad,shops
24.6986764,46.6828628,Canali Boutique,shops
24.6894728,46.6853386,IWC Schaffhausen Boutique - Al Faisaliah Mall,shops
24.7221163,46.6711562,Roche Bobois,shops
24.7086413,46.6763744,%D8%B9%D8%A8%D8%A7%D9%8A%D8%A7%D8%AA %D9%86%D9%88%,shops
24.7312572,46.6474988,%D9%85%D8%AD%D9%84 %D8%BA%D8%B1%D8%B2%D8%A9 %D8%A7,shops
24.743724,46.68018,Clarks,shops
24.7439488,46.6813264,Top toys,shops
24.6974259,46.683008,First jewellery,shops
24.6818433,46.6868459,Al Hussain Toys,shops
24.7002944,46.6919626,The Butcher Shop %26 Grill,shops
24.7428038,46.6590344,CHARLES %26 KEITH,shops
24.7519363,46.7197984,The Cycle Hub Riyadh %D8%B0%D8%A7 %D8%B3%D8%A7%D9%,shops
24.7400204,46.661308,Modern Electronics - Sony - DAR AL-WAKALAT Showroo,shops
24.695087,46.6806472,Citycenter,shops
24.7115367,46.6755571,%D9%81%D8%A7%D8%B4%D8%B1%D9%88%D9%86 %D9%83%D9%88%,shops
24.711335,46.6748017,MARLI New York,shops
24.7211957,46.6494794,THAT chocolate,shops
24.7046108,46.6794853,%D8%A7%D9%84%D8%BA%D8%B2%D8%A7%D9%84%D9%8A Al Ghaz,shops
24.6710908,46.7147735,Akbar Food Store,shops
24.6226728,46.7194842,Jing%27s Online Store Riyadh KSA,shops
24.6938762,46.6704184,Jarir Bookstore,shops
24.7438399,46.6580068,Dkhoun,shops
24.708475,46.6780171,Yessayan Jewelry - Riyadh %D9%85%D8%AC%D9%88%D9%87,shops
24.7156946,46.6961263,Aleef Friends,shops
24.7385898,46.6850846,Crystal Apple,shops
24.7122133,46.6748836,MAC Cosmetics,shops
24.741656,46.683216,Tamkeen Stores %28Riyadh %D8%A7%D9%84%D8%B1%D9%8A%,shops
24.6808899,46.6909408,Specialized Computer Service Company,shops
24.7343842,46.6649024,Topaz Jewellery,shops
24.6913183,46.7092843,Kabayan Supermarket,shops
24.7069399,46.6910208,%D9%85%D8%AA%D8%AC%D8%B1 %D8%A7%D9%84%D8%A8%D8%A7%,shops
24.7884919,46.7332947,Andarena Cafe,cafes
24.6953353,46.6846717,CAF LAB I Olaya,cafes
24.6927133,46.6740197,sentio cafe,cafes
24.7057076,46.7056492,Urth Caff%C3%A9 %E2%80%94 Tahlia,cafes
24.681526,46.6916574,First Series Coffee,cafes
24.7143718,46.6767119,CARVE COFFEE BAR,cafes
24.6871594,46.6839041,dr.CAFE COFFEE,cafes
24.6900186,46.6342125,NOIR Caf%C3%A9,cafes
24.70794,46.7116967,versai cafe riyadh,cafes
24.7434609,46.6520784,Si,cafes
24.7437322,46.6757185,Hasila %7C %D8%AD%D8%B5%D9%8A%D9%84%D8%A9%E2%80%AD,cafes
24.7342147,46.6112765,Elixir Bunn Coffee Roasters,cafes
24.6957467,46.6843262,Ch%C3%A8rie,cafes
24.702485,46.6809347,Gedeb,cafes
24.752476,46.7213856,Rolllands Coffee,cafes
24.7257824,46.6435797,Social Cafe %26 Roastery,cafes
24.6855165,46.7062272,dr.CAFE COFFEE,cafes
24.7393409,46.6902788,RULE,cafes
24.7512639,46.6707557,9th Street Coffee Roasters,cafes
24.6941888,46.6833986,IDMI COFFEE ROASTERS,cafes
24.7465613,46.7588768,Wisdom Cafe,cafes
24.7572805,46.6524035,UNSORSO CAFE,cafes
24.7118894,46.6745525,%D8%AC%D9%88%D9%84%D8%AA JOLT%E2%80%AD,cafes
24.6746382,46.6918931,The First,cafes
24.7360284,46.6481283,KERNEL,cafes
24.7388379,46.6847751,Coffee Address %7C %D8%B9%D9%86%D9%88%D8%A7%D9%86 ,cafes
24.7629547,46.6390169,Ralph%27s Coffee %28KAFD%29,cafes
24.7078125,46.6748125,The Coffee Bean %26 Tea Leaf,cafes
24.6452452,46.7010774,Best coffee,cafes
24.7102942,46.6670912,Road Caf%C3%A9 %7C %D9%82%D9%87%D9%88%D8%A9 %D8%A7,cafes
24.6932667,46.6714903,Alwaal Albari,cafes
24.7713919,46.720106,ADAB cafe,cafes
24.7260091,46.6435514,Esplanade,cafes
24.7007377,46.6463564,%D9%85%D9%84%D9%85%D9%88%D9%85 %D9%83%D8%A7%D9%81%,cafes
24.683796,46.7020156,Dear You,cafes
24.7287734,46.6679097,Latitude 24,cafes
24.7667327,46.6798698,O2 cofe,cafes
24.705542,46.7482935,Sulalat Coffee,cafes
24.6664489,46.6986828,Barn%27s %7C %D8%A8%D8%A7%D8%B1%D9%86%D8%B2%E2%80%,cafes
24.7693505,46.6910486,Camel Step,cafes
24.6893666,46.6828395,Barn%27s %7C %D8%A8%D8%A7%D8%B1%D9%86%D8%B2%E2%80%,cafes
24.6661327,46.6868778,Elemont cafe,cafes
24.6743101,46.6235622,The Coffee Table,cafes
24.7381973,46.6875822,IK coffee,cafes
24.6930025,46.6317845,%D9%83%D9%88%D9%8A%D8%A7%D8%B1%D8%AF - %D9%84%D9%8,cafes
24.6450242,46.7037784,First Cup Coffee,cafes
24.792875,46.632683,The Capital Lounge,cafes
24.7431875,46.6583125,MammaBunz Cafe%E2%80%8F%E2%80%AD,cafes
24.7653441,46.670992,12 Cups Roastery and Cafe,cafes
24.7818608,46.6981807,Avril Resto Cafe,cafes
24.7305369,46.6961829,JAGUA,cafes
24.789069,46.7028671,UNIQUE cafe,cafes
24.7603485,46.6725921,Java Time,cafes
24.6661393,46.6976045,Overdose%E2%80%8E%E2%80%8E,cafes
24.6989745,46.6704918,Jadeel Coffee,cafes
24.689567,46.6854465,Urth Caff%C3%A9 - Al Faisaliah Mall,cafes
24.7048457,46.6843268,By The Way %28BTW%29,cafes
24.6863469,46.6852464,Elite Cafe,cafes
24.7130909,46.6731509,Almasaa Cafe,cafes
24.7609842,46.6404547,Urth Caff%C3%A9 - KAFD,cafes
24.6951492,46.6846958,BOSS.CO ROASTERY,cafes
24.6911901,46.7079884,Cafe Fran%C3%A7ais,cafes
24.713444,46.67415,%D9%83%D8%A7%D8%B1%D9%8A%D8%A8%D9%88 %D9%83%D9%88%,cafes
24.6971168,46.6865059,PAUL Bakery %26 Restaurant,cafes
24.7428485,46.6576056,M%26S cafe,cafes
24.7041474,46.679641,Palamas,cafes
24.6692375,46.7107065,HULCHUL CAFE RIYADH %28 Hara%29,cafes
24.7051535,46.6851317,Downtown Cafe,cafes
24.6670397,46.6876627,LadyFinger Slow Bar %D9%84%D9%8A%D8%AF%D9%8A %D9%8,cafes
24.7188875,46.656433,Costa Coffee,cafes
24.7460993,46.724544,COYARD,cafes
24.725419,46.6817624,Makani cafe,cafes
24.7525597,46.6390522,groovy %7C House of French Toast,cafes
24.82578,46.638815,Basementers Roastery and Specialty coffee,cafes
24.7787862,46.6169815,SCRMY,cafes
24.7249659,46.6812386,Shanab Caf%C3%A9,cafes
24.7017533,46.6972516,Sociale Cafe,cafes
24.6874716,46.7029034,Java Cafe,cafes
24.6975232,46.6873775,Tutti Cafe,cafes
24.6870965,46.7019649,Kayan World Cafe,cafes
24.7371379,46.7833072,Riyadh Mall,malls
24.8273124,46.7276293,Park Avenue Mall,malls
24.7740908,46.7767764,Cenomi Al Hamra Mall,malls
24.6977216,46.6836943,Centria Mall,malls
24.744825,46.6601623,Marina Mall,malls
24.558831,46.637895,Cenomi Salaam Mall,malls
24.771959,46.668189,Cenomi Tala Mall,malls
24.6043668,46.7569016,Al Basem,malls
24.7442803,46.6790203,Hayat Mall Gate 6,malls
24.639678,46.7172242,Al Batha Commercial Center,malls
24.7673686,46.7154809,NARS Nakheel Mall Riyadh,malls
24.7065226,46.7077377,The Elite,malls
24.7535047,46.5835,Thaghr Plaza,malls
24.8241819,46.6567206,Rasees Plaza,malls
24.7838982,46.6999227,%D8%A7%D9%84%D8%B9%D9%84%D9%8A%D8%A7%D9%86 %D8%A8%,malls
24.6935333,46.6703213,%D8%A8%D8%A7%D9%86%D9%88%D8%B1%D8%A7%D9%85%D8%A7%E,malls
24.8177859,46.6220642,Lifestyle Retail,malls
24.7618068,46.6254215,ALAGEEG SQUARE,malls
24.7621902,46.7224415,Al Mugharizat Plaza,malls
24.7502972,46.7149474,La Strada Yard,malls
24.748157,46.6579985,Raden Commercial Center,malls
24.7405356,46.6469568,Alyasmin Center,malls
24.7238528,46.7750129,Al Khayma Mall,malls
24.7113654,46.6312139,Al Raed Groove,malls
24.6381394,46.7141287,Metro Mall,malls
24.7509293,46.8221176,Al Othaim Mall,malls
24.6962747,46.7293794,Zafran Indian Kitchen - The View Mall,restaurants
24.7181459,46.6867051,TOKYO,restaurants
24.6964796,46.6942542,Tilia Restaurant %D9%85%D8%B7%D8%B9%D9%85 %D8%AA%D,restaurants
24.6999984,46.7048876,MYAZU Riyadh,restaurants
24.6653654,46.6310103,Al Orjouan,restaurants
24.6754904,46.6680345,Zafran Indian Kitchen - Turki Square,restaurants
24.690014,46.6864312,Yauatcha Riyadh,restaurants
24.6671392,46.6252019,Scott%27s,restaurants
24.6978193,46.6834524,Lusin Restaurant,restaurants
24.7921827,46.6325507,JW Steakhouse,restaurants
24.6904438,46.6840971,La Brasserie %D9%84%D8%A7%D8%A8%D8%B1%D8%A7%D8%B3%,restaurants
24.7929595,46.6327482,Kitchen On 3,restaurants
24.7925578,46.6321393,JW Glass Garden,restaurants
24.694002,46.6788305,PORTERHOUSE,restaurants
24.6898068,46.6851121,The Globe %D8%B0%D8%A7 %D8%BA%D9%84%D9%88%D8%A8%E2,restaurants
24.6931205,46.6810389,Saudi Restaurants,restaurants
24.7065098,46.6774133,The Med Restaurant - Cantonal Hotel by Warwick Riy,restaurants
24.7107159,46.6930734,%D9%85%D8%B7%D8%B9%D9%85 %D9%81%D9%8A%D8%B4 %D9%81,restaurants
24.6977201,46.6863305,Vidro %7C %DA%A8%D9%8A%D8%AF%D8%B1%D9%88%E2%80%AD,restaurants
24.702319,46.651586,Shiro,restaurants
24.6667314,46.6253258,Gymkhana,restaurants
24.6674536,46.6267086,Spago,restaurants
24.6997594,46.7039692,Public,restaurants
24.6983522,46.6822436,56th Avenue Diner,restaurants
24.7502589,46.6239783,Lusin Restaurant - Diyafa Plaza,restaurants
24.6976883,46.6692333,Najd Village,restaurants
24.7038642,46.7061858,KAYZ%C5%8C,restaurants
24.8125975,46.6270043,Aseeb Restaurant,restaurants
24.666356,46.6267944,Stella Sky - Lounge,restaurants
24.8399397,46.7332127,Molo,restaurants
24.7037615,46.7021494,Karam Beirut Restaurant - Riyadh Tahlia Street,restaurants
24.7104968,46.6676845,7 Ribs,restaurants
24.6952421,46.6819305,OKKU,restaurants
24.7046554,46.7021836,SEOUL %7C %D8%B3%D9%8A%D9%88%D9%84%E2%80%AD,restaurants
24.6993125,46.6894375,Baytoti %7C %D8%A8%D9%8A%D8%AA%D9%88%D8%AA%D9%8A%E,restaurants
24.7010494,46.6771162,Nozomi,restaurants
24.6650893,46.7104115,Red Chilli Restaurant,restaurants
24.7288726,46.6679674,Le Petit Chef - Riyadh,restaurants
24.7045336,46.7058862,COYA,restaurants
24.6739114,46.623539,Nomas,restaurants
24.6653527,46.630136,Azzurro,restaurants
24.7924803,46.6326402,Fork %26 Pipe,restaurants
24.7114742,46.6969842,Riyadh Chinese Restaurant,restaurants
24.6978109,46.6835542,Yokari,restaurants
24.7789569,46.7341356,Swiss Butter,restaurants
24.7113011,46.6742127,Spazio Restaurant,restaurants
24.7033868,46.6819107,"Roma Restaurant, Ceiricon Buildings Branch- %D9%85",restaurants
24.6912897,46.6695474,Piatto Restaurant,restaurants
24.7021245,46.6479251,The Villa Restaurant,restaurants
24.6868689,46.6815951,Almayass,restaurants
24.7241975,46.6565631,Mama Noura,restaurants
24.6916263,46.7018848,Mama Noura,restaurants
24.6665563,46.6264383,Jackie Restaurant,restaurants
24.7056353,46.7063975,ROKA Riyadh,restaurants
24.7061896,46.6886895,Fiestahan Asian %26 Pinoy Cuisine - Sulaymaniyah,restaurants
24.6673915,46.6269713,Madeo,restaurants
24.6668325,46.626106,H%C5%8Dch%C5%8D Restaurant,restaurants
24.6907541,46.6841285,La Petite Maison %28LPM%29 Riyadh,restaurants
24.6943084,46.6836945,White Garden Olaya,restaurants
24.6988341,46.6902823,Zaatar W Zeit - Tahlia,restaurants
24.6925142,46.6320644,Asador de Aranda %7C Spanish Restaurant %7C Laysen,restaurants
24.7045596,46.701991,Feluka Restaurant,restaurants
24.7029535,46.6786015,Burger Boutique,restaurants
24.7265958,46.6440106,fi glbak,restaurants
24.690315,46.6824424,MXD %D9%85%D9%83%D8%B3%D8%AF%E2%80%AD,restaurants
24.7059579,46.6770363,Bar.B.Q Tonight - Riyadh,restaurants
24.7466825,46.7242605,moon shell,restaurants
24.8129216,46.6472709,Najd Village,restaurants
24.7640407,46.6401556,Benoit,restaurants
24.6748244,46.6959834,Chola Restaurant,restaurants
24.703427,46.701481,Chili%27s,restaurants
24.6669554,46.6963365,Anardana,restaurants
24.7109496,46.6743529,Kabba,restaurants
24.7626858,46.6385511,Il Baretto,restaurants
24.8407079,46.7335112,Steak House,restaurants
24.693994,46.6970774,nobles restaurant,restaurants
24.7014014,46.6943267,Gandofly Seafood Restaurant Sa - %D8%AC%D9%86%D8%A,restaurants
24.7517899,46.6237593,Robata Riyadh,restaurants
25.0201057,47.179161,Petrol station,gas stations
24.7083125,46.6733125,Aldrees,gas stations
24.7320113,46.6728896,SASCO,gas stations
24.8466487,46.7337531,SASCO,gas stations
24.9757187,47.0678836,sahil gas station,gas stations
24.7084485,46.6870509,Aldrees,gas stations
24.6968023,46.7348642,Aldrees,gas stations
24.7979864,46.6512557,SASCO,gas stations
24.7102526,46.6668744,R001-Liter Gas Station %7C %D9%85%D8%AD%D8%B7%D8%A,gas stations
24.7147008,46.634904,Aldrees,gas stations
24.7149167,46.6599736,SASCO,gas stations
24.7917656,46.6246417,SASCO Xpress,gas stations
24.6797872,46.8325067,Aldrees,gas stations
24.8352254,46.6103876,Petroly Station,gas stations
24.6379751,46.67358,NAFT,gas stations
24.781505,46.7066182,Aldrees,gas stations
24.6854191,46.7184977,Aldrees Fuel Station,gas stations
24.7246834,46.6907569,Aldrees,gas stations
24.6882888,46.6875219,SASCO,gas stations
24.7438125,46.6554375,Aramco Station,gas stations
24.8043815,46.7065906,Aldrees,gas stations
24.669543,46.7064243,Aldrees,gas stations
24.6755123,46.6672182,Mosam Petrol Station,gas stations
24.8346726,46.7356177,SASCO,gas stations
24.8815409,46.5873528,Well Gas station,gas stations
24.6945261,46.7025499,%D8%B1%D9%88%D8%A7%D8%AF %D8%A7%D9%84%D8%A8%D8%AA%,gas stations
24.7661818,46.6926262,SASCO,gas stations
24.7083036,46.6278616,SASCO,gas stations
24.6263179,46.7805591,Aldrees,gas stations
24.6764983,46.7078743,Aldrees,gas stations
24.788247,46.6341301,Aldrees,gas stations
24.7577046,46.6626031,Aldrees,gas stations
24.6622442,46.7085575,SASCO,gas stations
24.7817729,46.7428759,Sahel,gas stations
24.7248097,46.6532726,Aldrees,gas stations
24.6796437,46.7011294,Aldrees,gas stations
24.6933386,46.7241836,SASCO - %D8%B3%D8%A7%D8%B3%D9%83%D9%88%E2%80%AD,gas stations
24.7488259,46.6785351,JAWHAR Petrol Station,gas stations
24.6271411,46.7398994,Aldrees,gas stations
24.6782489,46.7751032,Aldrees,gas stations
24.7799224,46.6638242,Aldrees,gas stations
24.6719785,46.7213076,SASCO Xpress,gas stations
24.6873405,46.6361881,Aldrees,gas stations
24.7501299,46.6699545,Aldrees,gas stations
24.6671073,46.7010741,Aldrees,gas stations
24.7316833,46.6882568,SASCO Xpress,gas stations
24.7356772,46.6763179,Sahel,gas stations
25.5266888,45.9468037,Well Gas Stations Al Atsh,gas stations
24.7688285,46.6674409,Petromin Station,gas stations
24.8508533,46.6030004,Benzene Petrol station,gas stations
24.7375167,46.6884106,Aldrees,gas stations
24.8756538,46.5899273,well petrol station,gas stations
24.7373727,46.7071332,Petrolat,gas stations
24.6903895,46.6883753,SASCO Xpress,gas stations
24.7280454,46.7685171,TotalEnergies,gas stations
24.6820401,46.6976392,Sahel Fuel Station,gas stations
24.6817323,46.8163365,Diesel Fuel Station,gas stations
24.7205273,46.689996,Aldrees,gas stations
24.6748378,46.6669796,Aldrees,gas stations
24.7513511,46.6565693,Petromin,gas stations
24.9189443,46.9403338,PETROLY GAS STATION,gas stations
24.7563248,46.7181859,Sahel,gas stations
24.5630949,46.8958497,ENOC Station,gas stations
24.7687259,46.6221916,Joil Petrol station %D9%85%D8%AD%D8%B7%D8%A9 %D8%A,gas stations
24.6960688,46.6944698,SASCO - %D8%B3%D8%A7%D8%B3%D9%83%D9%88%E2%80%AD,gas stations
24.7598189,46.6730229,Aldrees,gas stations
24.684435,46.6522198,NAFT,gas stations
24.6664942,46.6989362,%D9%85%D8%AD%D8%B7%D8%A9 %D9%83%D8%B1%D9%88%D9%81%,gas stations
24.8054055,46.6096825,GO station,gas stations
24.69102,46.76114,SASCO Xpress,gas stations
24.7745913,46.6667441,Aldrees,gas stations
24.80355,46.76862,SASCO Xpress,gas stations
24.7994293,46.7595123,Aldrees,gas stations
24.7341771,46.7702378,ADNOC Service Station %7C Rawdhat Al Riyadh %28204,gas stations
24.7549888,46.7201329,R012-Liter Gas Station%7C%D9%85%D8%AD%D8%B7%D8%A9 ,gas stations
24.687781,46.640012,Aldrees,gas stations
24.6999537,46.6518989,Aldrees,gas stations
24.6899262,46.5941451,R028-Liter Gas Station %7C %D9%85%D8%AD%D8%B7%D8%A,gas stations
24.6915666,46.7184045,ADNOC Service Station %7C King Abdul Aziz Road %28,gas stations
24.7567404,46.67456,R008-Liter Gas Station%7C%D9%85%D8%AD%D8%B7%D8%A9 ,gas stations
24.7360625,46.7821875,Aldrees,gas stations
24.662037,46.7000042,Aramco Station,gas stations
24.7718049,46.6523591,%D9%85%D8%AD%D8%B7%D8%A9 %D9%88%D9%82%D9%88%D8%AF%,gas stations
24.6729134,46.7084927,%D8%A8%D8%AA%D8%B1%D9%88%D9%84 %D8%AC%D8%A7%D9%87%,gas stations
24.7974274,46.7355439,R039-Liter Gas Station %7C %D9%85%D8%AD%D8%B7%D8%A,gas stations
24.8451877,46.6038269,Orange Gas Station Mansourah %7C %D9%85%D8%AD%D8%B,gas stations
24.7143259,46.6779913,Asia,gas stations
24.780707,46.6843154,R017-Liter Gas Station%7C%D9%85%D8%AD%D8%B7%D8%A9 ,gas stations
24.6884898,46.6658057,Aldrees,gas stations
24.7305491,46.7885263,NAFT,gas stations
24.6939282,46.7700637,Petrol station,gas stations
24.7856159,46.6355111,Asia petrol station,gas stations
24.5860382,46.7860384,Gas Station,gas stations
24.5690958,46.616626,Gas station,gas stations
24.6935977,46.7217483,Aljamaan station,gas stations
24.7635344,46.6827702,Petrol Station,gas stations
24.6991289,46.6426978,Oruba fuel station,gas stations
24.7388531,46.6844882,Aljamaan station,gas stations
24.6758053,46.7201209,Riyadh Compound,compounds
24.8149038,46.8509587,Vives Compound,compounds
24.8088047,46.7327395,Al Nakhla Residential Resort,compounds
24.6984852,46.702648,Miraj Compound,compounds
24.6730608,46.669293,West compound,compounds
24.7682476,46.6705703,Florida Compound,compounds
24.7679528,46.659364,Alghadeer Compound,compounds
24.8091926,46.6830078,FAY Compound %D9%83%D9%85%D9%88%D8%A8%D8%A7%D9%86%,compounds
24.7934946,46.7296625,Al Hamra Oasis Village Compound,compounds
24.7444428,46.5876985,Al-Murjana compound,compounds
24.7887393,46.6548475,La Via Compound,compounds
24.7496096,46.6608977,THE VILLAGE COMPOUND,compounds
24.7838545,46.5624406,District Compound,compounds
24.8186218,46.6621166,Emerald Village Residential Compound,compounds
24.7794095,46.5869851,Taleed Compound,compounds
24.8063522,46.7232735,Cordoba Oasis Village Compound,compounds
24.7907781,46.5616561,Antara Compound,compounds
24.7015444,46.614291,Star Compound,compounds
24.7492433,46.6770199,"Summerland Compound, king Fahd",compounds
24.6716008,46.7207013,"Russell compound, Mousab Ibn Oumaid",compounds
24.7674211,46.6288307,Alshulah Compound,compounds
24.8019199,46.6560163,Kingdom City,compounds
24.7133577,46.6132649,Rio Compound,compounds
24.7034067,46.6970256,Al Rajhi Compound,compounds
24.7786736,46.7134678,OLAYA COMPOUND,compounds
24.6421943,46.6716633,Al Fakhiriya Compound,compounds
24.7477773,46.699505,"Arabian Homes Compound ,",compounds
24.7919921,46.6848466,ARCADIA Compound%2Fcomplex,compounds
24.7108044,46.6169214,Delta 1 Compound,compounds
24.7049452,46.6895322,Aljazeera Compound,compounds
24.7137426,46.7655289,36 compound,compounds
24.6562874,46.6194559,Makshaff Compound,compounds
24.8743456,46.5998113,Azure La Palma Compound,compounds
24.695545,46.7087249,The calm oasis compound riyadh,compounds
24.7205878,46.7931946,Ranco Village Compound,compounds
24.8403806,46.7668036,Munsiyah compound %D8%A7%D9%84%D9%85%D9%88%D9%86%D,compounds
24.8541145,46.6222173,Riviera Compound,compounds
24.739722,46.6422858,East Village Compound,compounds
24.7935052,46.7506188,Eid Villas Compound,compounds
24.7272387,46.6724956,Wurud Residential Compound,compounds
24.6503504,46.6536502,Wareef Compound,compounds
24.7616065,46.6546899,Al Murooj Compound,compounds
24.6437041,46.6352034,B-2 Housing Compound,compounds
24.716328,46.6570213,Rahmaniyah Compound,compounds
24.8107631,46.717451,Fal Compound,compounds
24.775732,46.8023643,Seder Village Compound,compounds
24.7058064,46.6147598,Palms Estate Compound,compounds
24.9414376,46.7999475,Andorra Village,compounds
24.7239487,46.6584415,Green City Compound.,compounds
24.7761822,46.7030562,Vienna compound,compounds
24.6887333,46.7266607,Rilam Al Malaz Compound,compounds
24.719345,46.7644138,Rotunda Compound,compounds
24.7009667,46.7444655,Al Rabwa Compound,compounds
24.6891676,46.6790197,Mena Compound,compounds
24.7638255,46.7118793,Hammad compound,compounds
24.7073529,46.6973437,Sulimaniyah Compound 2,compounds
24.7108209,46.690363,Mena house compound,compounds
24.9902405,46.5208383,SBAHC Compound,compounds
24.8106435,46.7633345,Tolima Compound %7C %D8%AA%D9%88%D9%84%D9%8A%D9%85,compounds
24.8012291,46.6895594,Al Nada Compound,compounds
24.6367461,46.6699189,Rafiah Compound,compounds
24.6847936,46.7511945,The Nest Compound,compounds
24.7827339,46.6669317,Nafal Village Compound,compounds
24.7211628,46.7856885,Riyan Compound,compounds
24.6574772,46.6256057,Venecia Compound,compounds
24.7120196,46.6694303,Levels Compound,compounds
24.8288922,46.688485,La Casa Compound by Al Akaria %7C %D9%85%D8%AC%D9%,compounds
24.6868702,46.7459671,Azure Rabwah,compounds
24.7291455,46.6952902,Nesma Oasis Village,compounds
24.6891927,46.7277543,Rayhanah Oasis Compound,compounds
24.8309754,46.6281893,riyadh homes BY RAFA,compounds
24.6860547,46.6381218,Al Sadan Compound,compounds
24.6806299,46.6444469,Dur Alhada Compound %E2%80%93 %D9%85%D8%AC%D9%85%D,compounds
24.8103911,46.7202397,California Resort Riyadh,compounds
24.793983,46.7548976,Nakheel Village,compounds
24.6936833,46.7922288,Compound 23,compounds
24.7476908,46.8443014,Cecil Compound,compounds
24.7873497,46.7546334,Granada Village Compound,compounds
24.7915822,46.6152396,Florentina Compound,compounds
24.7931479,46.8059136,Ishbilia Residential Compound,compounds
24.666032,46.66715,%D9%83%D8%A7%D8%B1%D9%88%D9%84%D9%8A%D9%86%D8%A7 %,compounds
24.697163,46.7112822,Sulaimaniyah Compound,compounds
24.7552158,46.5264573,"DHC, Diriyah Hills Compound",compounds
24.7169963,46.6942814,Euro1Residence,compounds
24.6736035,46.6711002,West Compound Community Hall,compounds
24.8250819,46.622137,Layaly Compound,compounds
24.7550875,46.7676954,Adam%27s Compound,compounds
24.7123887,46.7867867,Orchid Compound,compounds
24.7626652,46.7120849,Hammad compound,compounds
24.838789,46.646279,Al Yasmine compound,compounds
24.6349176,46.6866283,Mamo Compound,compounds
24.7831377,46.6332347,Ramzi Al Aqiq Residential Compound,compounds
24.8086284,46.6139599,Almalga village compound,compounds
24.765317,46.6873624,"Summerland Compound, Al Masif",compounds
24.7971828,46.8117972,Eastern Village Compound,compounds
24.8155898,46.614912,Al Malqa Residential Compound,compounds
24.694257,46.8263584,Al Yamama 1 Compound,compounds
24.7304004,46.6957572,Desert Rose Compound,compounds
24.7351168,46.598377,Al Nakheel Housing,compounds
24.6992247,46.6838481,%D8%A7%D9%84%D8%B1%D8%A7%D8%A6%D8%AF %D9%83%D9%88%,compounds
24.798232,46.63276,Ayan Hotel %26 Suites %D9%81%D9%86%D8%AF%D9%82 %D9,hotels
24.751494,46.669924,Al Muruj Hotel Apartments,hotels
24.6659992,46.6306265,"The Ritz-Carlton, Riyadh",hotels
24.7113676,46.6743073,Four Seasons Hotel Riyadh At Kingdom Center,hotels
24.7119068,46.6762064,ibis Riyadh Olaya Street,hotels
24.7852124,46.7275942,Hilton Riyadh Hotel %26 Residences,hotels
24.7901357,46.7646396,Lavera inn hotel,hotels
24.5591938,46.8929492,Cristal Amaken Hotel,hotels
24.6983583,46.6823957,Hyatt Regency Riyadh Olaya,hotels
24.6859161,46.712343,Riyadh Marriott Hotel,hotels
24.6307565,46.7172686,Gloria Inn Hotel,hotels
24.6903668,46.6841129,"Mandarin Oriental Al Faisaliah, Riyadh %D9%85%D8%A",hotels
24.7084843,46.6779717,%D9%81%D9%86%D8%AF%D9%82 %D8%A7%D9%84%D8%AA%D9%86%,hotels
24.6886334,46.6880452,%D9%81%D9%86%D8%AF%D9%82 %D9%85%D9%8A%D8%B1%D8%A7 ,hotels
24.7387971,46.6352857,Crowne Plaza Riyadh Rdc Hotel %26 Convention by IH,hotels
24.7504421,46.6132022,Jareed Hotel %7C %D9%81%D9%86%D8%AF%D9%82 %D8%AC%D,hotels
24.6956749,46.6836215,Narcissus Hotel Riyadh,hotels
24.7833831,46.6353892,Grand Plaza Hotel - KAFD Riyadh,hotels
24.7533841,46.7253509,"Radisson Blu Hotel, Riyadh Convention %26 Exhibiti",hotels
24.7286813,46.6678214,Le M%C3%A9ridien Riyadh,hotels
24.6795158,46.6774668,Grand Plaza Hotel - Takhasosi,hotels
24.6993846,46.6827534,JOUDYAN Olaya Riyadh By ELAF,hotels
24.7917212,46.740875,Melissa Hotel Riyadh,hotels
24.7199749,46.6722131,"Nova M Hotel Riyadh, Edge by Rotana",hotels
24.6875291,46.685665,Tura Hotel Olaya,hotels
24.6795558,46.7019789,Warwick Riyadh Al Dabab,hotels
24.7068776,46.6755136,Novotel Riyadh Al Anoud,hotels
24.7068825,46.6772754,Comfort Hotel Riyadh Olaya,hotels
24.6662634,46.6234218,Courtyard by Marriott Riyadh Diplomatic Quarter,hotels
24.6590531,46.7207947,Reef Almalaz Hotel,hotels
24.6803592,46.6905197,Holiday Inn Riyadh - Olaya by IHG,hotels
24.6739384,46.6938199,Blue Rose Garden Hotel Olaya,hotels
24.7836736,46.6528016,"Mansard Riyadh, A Radisson Collection Hotel",hotels
24.6381134,46.7123856,Four Points by Sheraton Riyadh Khaldia,hotels
24.6794556,46.692658,Aloft Riyadh,hotels
24.786488,46.6338731,%D9%81%D9%86%D8%AF%D9%82 %D9%87%D8%AF%D8%A8 %D8%A7,hotels
24.6853025,46.6887939,Braira Al Olaya Hotel,hotels
24.6666516,46.696747,voco Riyadh by IHG,hotels
24.683901,46.688032,Holiday Inn Riyadh - al Qasr by IHG,hotels
24.7022029,46.6786451,Courtyard by Marriott Riyadh Olaya,hotels
24.6644886,46.7111665,Crowne Plaza Riyadh Palace,hotels
24.674416,46.6236546,Marriott Riyadh Diplomatic Quarter,hotels
24.7066717,46.6772292,%D9%81%D9%86%D8%AF%D9%82 %D9%83%D8%A7%D9%86%D8%AA%,hotels
24.6602536,46.7003703,Ramada by Wyndham Riyadh King Fahd Road,hotels
24.8173891,46.6221367,Radisson Hotel %26 Residence Riyadh Olaya,hotels
24.6522715,46.7081062,Hayat Alriyadh Hotel,hotels
24.7072896,46.7084972,Hyatt Place Riyadh Al Sulaimania,hotels
24.6643512,46.7013583,Mercure Riyadh Al Anoud,hotels
24.6458784,46.7163303,Al Hamra Palace Al Aswaq,hotels
24.7421336,46.7250801,Crowne Plaza Riyadh Al Waha by IHG,hotels
24.6772704,46.7788545,Al Rajhi Mosque,mosques
24.7007409,46.6522065,King Khalid Grand Mosque,mosques
24.6307815,46.710699,Imam Turki Bin Abdullah Grand Mosque,mosques
24.6790261,46.6960467,Princess Madawai Bint Abdulaziz Grand Mosque,mosques
24.8554831,46.728632,Grand Mosque,mosques
24.6699627,46.7088457,Inam Ul Rub Mosque,mosques
24.719421,46.6586582,Princess Latifa Bint Sultan Bin Abdulaziz Grand Mo,mosques
24.7061836,46.6557776,King Abdullah Bin Abdul Aziz Mosque,mosques
24.6456385,46.7090991,King Abdulaziz Grand Mosque,mosques
24.6712784,46.6579485,King Fahad Grand Mosque,mosques
24.6474608,46.7122743,Al Madi Mosque,mosques
24.6676445,46.7428163,King Abdullah Grand Masjid,mosques
24.7613125,46.6390625,KAFD Grand Mosque,mosques
24.8283222,46.7305111,Sulaiman Al Bassam Mosque,mosques
24.6910539,46.6892928,King Khalid Mosque,mosques
24.6968952,46.686592,AlRawi Grand Mosque,mosques
24.726951,46.7045088,Umm Abdulaziz Al Theyab Grand Masjid,mosques
24.7905196,46.5786996,Prince Muqrin Mother%27s Mosque,mosques
24.6880978,46.6884983,King Abdulaziz Mosque,mosques
24.6928244,46.6666829,Prince Mohammed Bin Abdulaziz Mosque,mosques
24.7060039,46.7040859,Ahmad Jawad Alamdar Grand Masjid,mosques
24.7001385,46.6798102,Almaydani Mosque,mosques
24.7048635,46.693161,Mosque of Mohammed Abdul Aziz Al - Deghaither,mosques
24.7759383,46.6935843,Princess Modhi Al Angari Grand Masjid,mosques
24.6834089,46.7128657,Prince Sultan Bin Abdul Aziz Mosque,mosques
24.6461785,46.7006654,Saleh Al-Rajhi mosquee,mosques
24.7040796,46.6704823,Al Salem Mosque,mosques
24.7508612,46.7210672,Sheikh Fahad Al Owaidah Grand Mosque,mosques
24.7730061,46.6908484,Al Qhadi Grand Mosque,mosques
24.6790661,46.6808623,Al Fadda Mosque,mosques
24.7194141,46.6767753,Ali Bin Abi Talib Mosque,mosques
24.7325495,46.6865663,Al Maidani Mosque,mosques
24.5831129,46.7740097,Al-Bawardi Grand Mosque,mosques
24.7549294,46.7268766,Riyadh Hospital %D9%85%D8%B3%D8%AA%D8%B4%D9%81%D9%,hospitals
24.8012016,46.6542856,Kingdom Hospital,hospitals
24.8006125,46.6278968,Saudi German Hospital Riyadh - SGH,hospitals
24.6061034,46.6410576,King Salman Hospital,hospitals
24.6798641,46.6873693,%D9%85%D8%B3%D8%AA%D8%B4%D9%81%D9%89 %D8%A7%D8%B3 ,hospitals
24.6710498,46.6767261,King Faisal Specialist Hospital %26 Research Centr,hospitals
24.7104427,46.7920081,Prince Mohammed Bin Abdulaziz Hospital,hospitals
24.7715019,46.7695703,SMC hospital %7C SMC,hospitals
24.7469871,46.6516676,Dallah Hospital %E2%80%93 Al Nakheel %7C %D9%85%D8,hospitals
24.7019037,46.6864243,Dr. Abdul Rahman Al Mishari Hospital - %D9%85%D8%B,hospitals
24.6804579,46.6872662,%D9%85%D8%B3%D8%AA%D8%B4%D9%81%D9%8A%D8%A7%D8%AA S,hospitals
24.672413,46.6903078,Green Crescent Hospital,hospitals
24.6938745,46.7729306,Hayat National Hospital,hospitals
24.6606982,46.7189862,KAUH,hospitals
24.8369436,46.7231604,King Abdullah bin Abdulaziz University Hospital,hospitals
24.6924151,46.7738572,Hayat National Hospital - Riyadh - New Building,hospitals
24.6191202,46.7292701,Al Falah Hospital,hospitals
24.6996466,46.6898833,Elite Hospital,hospitals
24.6854178,46.7058238,Adama Pharmacy,pharmacies
24.689909,46.673278,Nahdi pharmacy %7C %D8%B5%D9%8A%D8%AF%D9%84%D9%8A%,pharmacies
24.6842572,46.6752356,Anwar AlRiyadh Pharmacy,pharmacies
24.7371471,46.707594,United Pharmacy - %D8%B5%D9%8A%D8%AF%D9%84%D9%8A%D,pharmacies
24.726965,46.652762,Nahdi pharmacy %7C %D8%B5%D9%8A%D8%AF%D9%84%D9%8A%,pharmacies
24.7474466,46.6617052,LEMON PHARMACY,pharmacies
24.704476,46.67677,AlHabib Pharmacy %2F %D8%B5%D9%8A%D8%AF%D9%84%D9%8,pharmacies
24.681301,46.700466,Nahdi pharmacy %7C %D8%B5%D9%8A%D8%AF%D9%84%D9%8A%,pharmacies
24.675477,46.6807298,%D8%B5%D9%8A%D8%AF%D9%84%D9%8A%D8%A9 %D8%AF%D8%A7%,pharmacies
24.6854633,46.705541,%D8%B5%D9%8A%D8%AF%D9%84%D9%8A%D8%A9 %D9%84%D9%8A%,pharmacies
24.7003063,46.6679416,Lemon Pharmacy - %D8%B5%D9%8A%D8%AF%D9%84%D9%8A%D8,pharmacies
24.6758125,46.6763125,Whites,pharmacies
24.710055,46.692041,%D8%B5%D9%8A%D8%AF%D9%84%D9%8A%D8%A9 %D9%84%D9%8A%,pharmacies
24.222142,45.0740834,Orange Pharmacy,pharmacies
24.6652831,46.7237205,%D8%B5%D9%8A%D8%AF%D9%84%D9%8A%D8%A9 %D9%84%D9%8A%,pharmacies
24.670058,46.736018,Nahdi pharmacy %7C %D8%B5%D9%8A%D8%AF%D9%84%D9%8A%,pharmacies
24.6575058,46.7008068,Green Health Pharmacy 01,pharmacies
24.6905607,46.6888209,Al-Dawaa,pharmacies
24.6176875,46.7544375,Nahdi Pharmacy,pharmacies
24.7227283,46.7760218,Nahdi Pharmacy 7781,pharmacies
24.690598,46.700493,Care Pharmacy,pharmacies
24.7006589,46.6732656,Kunooz Pharmacy AL OLAYA -1,pharmacies
24.7201875,46.6569375,Alhabib Pharmacy Takhassusi %D8%B5%D9%8A%D8%AF%D9%,pharmacies
24.662111,46.72925,%D8%B5%D9%8A%D8%AF%D9%84%D9%8A%D8%A9 %D8%A7%D9%84%,pharmacies
24.744325,46.6757778,Shams Pharmacy %7C %D8%B5%D9%8A%D8%AF%D9%84%D9%8A%,pharmacies
24.8301818,46.590102,Sama pharmacy,pharmacies
24.69024,46.650517,Lemon Pharmacy %7C %D8%B5%D9%8A%D8%AF%D9%84%D9%8A%,pharmacies
24.740399,46.69279,%D8%B5%D9%8A%D8%AF%D9%84%D9%8A%D8%A9 %D8%A7%D9%84%,pharmacies
24.698349,46.678507,Nahdi pharmacy %7C %D8%B5%D9%8A%D8%AF%D9%84%D9%8A%,pharmacies
24.7556875,46.6301875,Aster Pharmacy - Riyadh Park l %D8%B5%D9%8A%D8%AF%,pharmacies
24.690471,46.689578,Nahdi pharmacy %7C %D8%B5%D9%8A%D8%AF%D9%84%D9%8A%,pharmacies
24.717083,46.658944,%D8%B5%D9%8A%D8%AF%D9%84%D9%8A%D8%A9 %D8%A7%D9%84%,pharmacies
24.7038722,46.705767,Dar Al Arab Pharmacy,pharmacies
24.7165987,46.681626,Lemon Pharmacy %7C %D8%B5%D9%8A%D8%AF%D9%84%D9%8A%,pharmacies
24.6784411,46.7115834,Wasfa Pharmacy Al Wizarat,pharmacies
24.6689903,46.713438,ZAHRATH Al SALAH PHARMACY 16%F0%9F%91%A8%F0%9F%8F%,pharmacies
24.7180432,46.6850619,%D8%B5%D9%8A%D8%AF%D9%84%D9%8A%D8%A9 %D8%A7%D9%84%,pharmacies
24.6747324,46.6658351,United Pharmacy - %D8%B5%D9%8A%D8%AF%D9%84%D9%8A%D,pharmacies
24.672737,46.708458,Nahdi pharmacy %7C %D8%B5%D9%8A%D8%AF%D9%84%D9%8A%,pharmacies
24.7698016,46.6649433,White Pharmacy,pharmacies
24.758042,46.717539,Nahdi pharmacy %7C %D8%B5%D9%8A%D8%AF%D9%84%D9%8A%,pharmacies
24.703375,46.678079,%D8%B5%D9%8A%D8%AF%D9%84%D9%8A%D8%A9 %D8%AF.%D8%B3,pharmacies
24.6794442,46.7279497,Al Malaz National Pharmacy,pharmacies
24.685581,46.6889524,Smart Apple Pharmacy,pharmacies
24.7060625,46.6884375,Whites,pharmacies
24.638003,46.716863,%D8%B5%D9%8A%D8%AF%D9%84%D9%8A%D8%A9 %D9%84%D9%8A%,pharmacies
24.6734375,46.7488125,Innova pharmacy %7C %D8%B5%D9%8A%D8%AF%D9%84%D9%8A,pharmacies
24.7334594,46.6875358,%D8%B5%D9%8A%D8%AF%D9%84%D9%8A%D8%A9 %D8%A7%D9%84%,pharmacies
24.708111,46.677694,%D8%B5%D9%8A%D8%AF%D9%84%D9%8A%D8%A9 %D8%A7%D9%84%,pharmacies
24.6934709,46.6758797,%D8%B5%D9%8A%D8%AF%D9%84%D9%8A%D8%A9 %D8%A7%D9%84%,pharmacies
24.7417338,46.752026,Nahdi Pharmacy,pharmacies
24.742244,46.673165,Nahdi pharmacy %7C %D8%B5%D9%8A%D8%AF%D9%84%D9%8A%,pharmacies
24.71663,46.683173,Nahdi pharmacy %7C %D8%B5%D9%8A%D8%AF%D9%84%D9%8A%,pharmacies
24.7201773,46.6909293,Lemon Pharmacy,pharmacies
24.764665,46.624235,Nahdi pharmacy %7C %D8%B5%D9%8A%D8%AF%D9%84%D9%8A%,pharmacies
24.746943,46.722972,Nahdi pharmacy %7C %D8%B5%D9%8A%D8%AF%D9%84%D9%8A%,pharmacies
24.69441,46.711441,Nahdi pharmacy %7C %D8%B5%D9%8A%D8%AF%D9%84%D9%8A%,pharmacies
24.6937437,46.6763414,%D8%B5%D9%8A%D8%AF%D9%84%D9%8A%D8%A9 %D9%86%D9%88%,pharmacies
24.8006392,46.6283094,Saudi German Hospital Pharmacy,pharmacies
24.677639,46.727115,Nahdi pharmacy %7C %D8%B5%D9%8A%D8%AF%D9%84%D9%8A%,pharmacies
24.7881685,46.6503845,United Pharmacy - %D8%B5%D9%8A%D8%AF%D9%84%D9%8A%D,pharmacies
24.7765278,46.6575833,Zahrat Al Rawdah Pharmacy 65 %D8%B5%D9%8A%D8%AF%D9,pharmacies
24.7156277,46.679533,%D8%B5%D9%8A%D8%AF%D9%84%D9%8A%D8%A9 %D8%A2%D8%AF%,pharmacies
24.6874011,46.7503051,Purity Corner Pharmacy,pharmacies
24.8126685,46.6679073,Aster Pharmacy - Al Yasmin %7C %D8%B5%D9%8A%D8%AF%,pharmacies
24.7247567,46.6762345,Jazea Pharmacy 6,pharmacies
24.7299166,46.7670575,United Pharmacy - %D8%B5%D9%8A%D8%AF%D9%84%D9%8A%D,pharmacies
24.762888,46.70298,%D8%B5%D9%8A%D8%AF%D9%84%D9%8A%D8%A9 %D8%A7%D9%84%,pharmacies
24.7629093,46.7474622,Nahdi Pharmacy,pharmacies
24.6789375,46.7279375,Innova pharmacy %7C %D8%B5%D9%8A%D8%AF%D9%84%D9%8A,pharmacies
24.71007,46.675883,Lemon Pharmacy %7C %D8%B5%D9%8A%D8%AF%D9%84%D9%8A%,pharmacies
24.7275573,46.688958,Lemon Pharmacy %7C %D8%B5%D9%8A%D8%AF%D9%84%D9%8A%,pharmacies
24.7097524,46.6659197,%D8%B5%D9%8A%D8%AF%D9%84%D9%8A%D8%A9 %D8%A7%D9%84%,pharmacies
24.679798,46.72094,Nahdi pharmacy %7C %D8%B5%D9%8A%D8%AF%D9%84%D9%8A%,pharmacies
24.637963,46.7088149,United Pharmacy - %D8%B5%D9%8A%D8%AF%D9%84%D9%8A%D,pharmacies
24.7095706,46.6902909,Innova pharmacy %7C %D8%B5%D9%8A%D8%AF%D9%84%D9%8A,pharmacies
24.7013477,46.6751209,Innova pharmacy %7C %D8%B5%D9%8A%D8%AF%D9%84%D9%8A,pharmacies
24.7105684,46.6140476,United Pharmacy - %D8%B5%D9%8A%D8%AF%D9%84%D9%8A%D,pharmacies
24.799528,46.665083,Al-Dawaa Pharmacy,pharmacies
24.7811069,46.7734487,United Pharmacy - %D8%B5%D9%8A%D8%AF%D9%84%D9%8A%D,pharmacies
24.8656944,46.6205529,Shams Pharmacy,pharmacies
24.7146498,46.6786479,Mohamed Pharmacy bundle,pharmacies
24.72299,46.674019,Dana Alseha Pharmacy,pharmacies
24.747586,46.679365,Nahdi pharmacy %7C %D8%B5%D9%8A%D8%AF%D9%84%D9%8A%,pharmacies
24.6179392,46.7003889,Best Care Pharmacy %D8%B5%D9%8A%D8%AF%D9%84%D9%8A%,pharmacies
24.761905,46.675829,Nahdi pharmacy %7C %D8%B5%D9%8A%D8%AF%D9%84%D9%8A%,pharmacies
24.7360919,46.6763503,Al-jazea pharmacy 21,pharmacies
24.7624038,46.7627781,INNOVA PHARMACY,pharmacies
24.78919,46.632546,Nahdi pharmacy %7C %D8%B5%D9%8A%D8%AF%D9%84%D9%8A%,pharmacies
24.6917979,46.7071114,Rose Pharmacy,pharmacies
24.704795,46.6793103,Lemon pharmacy,pharmacies
24.6810625,46.6870625,Dorat Lemon Pharmacy t3 smch,pharmacies
24.755045,46.655471,Nahdi pharmacy %7C %D8%B5%D9%8A%D8%AF%D9%84%D9%8A%,pharmacies
24.713552,46.675296,Gulf pharmacy 18number Shahra e Istambool,pharmacies
24.7749375,46.7265625,Nahdi pharmacy %7C %D8%B5%D9%8A%D8%AF%D9%84%D9%8A%,pharmacies
24.692383,46.6049464,Kunooz Pharmacy IRQAH -2,pharmacies
24.7376412,46.6657738,Orange pharmacy 401,pharmacies
24.7099151,46.6668878,Nahdi pharmacy %7C %D8%B5%D9%8A%D8%AF%D9%84%D9%8A%,pharmacies
24.714493,46.6601963,%D8%B5%D9%8A%D8%AF%D9%84%D9%8A%D8%A9 %D9%84%D9%86%,pharmacies
24.6781671,46.7347807,Al-Dawaa Pharmacy,pharmacies
24.7850325,46.6516225,SEK International School Riyadh,schools
24.7574373,46.655392,"One World International School - Olaya, Riyadh",schools
24.7690555,46.6722412,Dome International Schools,schools
24.698269,46.7096514,Riyadh International School,schools
24.8006695,46.7466508,Reigate Grammar School Riyadh,schools
24.7552241,46.6601655,Delta Schools - Al Muruj Branch,schools
24.7885125,46.7205156,Manarat Al Riyadh School,schools
24.7916491,46.6579954,Kingdom International Schools,schools
24.6583445,46.6917818,Riyadh Schools,schools
24.6933145,46.5738793,Riyadh Schools Boys Misk City,schools
24.798135,46.7096735,Multinational School Riyadh,schools
24.8474708,46.6346445,American International School - Riyadh,schools
24.6968578,46.7449872,Khaled International Schools,schools
24.7048195,46.6181129,Beech Hall School Riyadh,schools
24.761925,46.5745858,King%27s College Riyadh,schools
24.6660275,46.7436318,Al Yasmin International School,schools
24.6420811,46.657371,Al Oruba International school,schools
24.8140574,46.643558,Aldenham Prep School %D8%8C %D9%85%D8%AF%D8%B1%D8%,schools
24.7247629,46.6853771,Horizon International School,schools
24.8293583,46.7358438,Modern Global International Schools,schools
24.68411,46.6989078,Britus International School - Al Olaya,schools
24.7957684,46.6864961,Abdulaziz International School - Al Wadi,schools
24.804697,46.7345759,%D9%85%D8%AF%D8%B1%D8%B3%D8%A9 %D8%A7%D9%84%D8%AD%,schools
24.7915524,46.7298648,British International School Riyadh Al Hamra Campu,schools
24.7048996,46.7137345,Abdulaziz International Schools %E2%80%93 Al-Sulai,schools
24.686085,46.7254527,Al Alameen International School,schools
24.7608232,46.7203125,Rowad AlKhaleej International School in Riyadh,schools
24.7941394,46.6501883,Yaschools,schools
24.7557917,46.7038338,Al-Rowad International Schools,schools
24.6950163,46.7083297,Al Taj International School,schools
24.761246,46.6273133,Downe House Riyadh,schools
24.6418412,46.705725,Qimam El Hayat International School,schools
24.641438,46.6990989,Alnoor International School - KG Section,schools
24.6830157,46.6840242,The Learning Caravan International School,schools
24.7461943,46.7027661,Dream International Schools,schools
24.6260064,46.7531129,MODERN INTERNATIONAL SCHOOL,schools
24.7200528,46.6814255,Education International School,schools
24.7801806,46.7347423,EtonHouse International School Granada,schools
24.7072947,46.7470319,Madinat Al-Oloum International Schools,schools
24.6766599,46.7337015,DUNES INTERNATIONAL SCHOOL RIYADH,schools
24.6411624,46.6962936,Alnoor International Schools,schools
24.8104123,46.6051203,Dome International Schools,schools
24.7644388,46.6627295,Middle East International School - New Building,schools
24.7842567,46.7447529,Alamjad International School,schools
24.6612518,46.7016247,Education Gate International School Almurabba,schools
24.6777356,46.7193183,%D9%85%D8%AF%D8%A7%D8%B1%D8%B3 %D8%A7%D9%84%D8%B5%,schools
24.7748575,46.6964614,Al Faris International School,schools
24.7634211,46.6857707,Mastery International School,schools
24.6518281,46.6868212,Pakistan International School Riyadh,schools
24.7762036,46.7361164,Riyadh Najed Schools,schools
24.6551349,46.7259988,"International Indian School, Riyadh %28 Girl%27s S",schools
24.7069766,46.69636,New Middle East International School,schools
24.8031766,46.6596777,"Swedish School, Riyadh",schools
24.7013729,46.6565172,Pakistan International School English Section %28P,schools
24.7486585,46.6760744,GEMS American International School Riyadh %28GAISR,schools
24.7408096,46.6636616,International Philippines School in Riyadh,schools
24.7018383,46.7103773,Wisdom International School - American Program %D9,schools
24.7428814,46.6894118,%D9%85%D8%AF%D8%B1%D8%B3%D8%A9 %D8%A7%D9%84%D8%B5%,schools
24.6994576,46.6987697,Second Philippine International School,schools
24.6089153,46.7012577,Sri Lankan International School,schools
24.751482,46.614759,%D9%85%D8%AF%D8%A7%D8%B1%D8%B3 %D8%B3%D8%B9%D9%88%,schools
24.6661611,46.7089698,Third Jawahir Al-Riyadh International School,schools
24.6834421,46.6196985,King Faisal School,schools
24.6927165,46.6958126,Learning Oasis International School,schools
24.7663096,46.6740421,Anwar Al-Taleem Interntional School,schools
24.6937069,46.7474853,%D9%85%D8%AF%D8%A7%D8%B1%D8%B3 %D8%AC%D8%B3%D9%88%,schools
24.7301902,46.5999995,Advanced Learning Schools,schools
24.7084865,46.6910553,Al Rissalah International Schools,schools
24.7503852,46.8144849,Modern Middle East International School,schools
24.6027263,46.6804215,Modern Education International Schools,schools
24.6826363,46.5699233,Richmond schools,schools
24.7031459,46.6428044,Makers Learning School International -%E2%80%8E %D,schools
24.7242494,46.6828231,Al-Irfan International School,schools
24.6831446,46.6959857,Elite International School,schools
24.6927541,46.6066503,%D9%85%D8%AF%D8%A7%D8%B1%D8%B3 %D8%A7%D9%84%D8%A7%,schools
24.691349,46.7057876,Geniuses-of-knowledge-International-Schools,schools
24.6919301,46.6479553,Omniat Al-Oloom International School,schools
24.6980792,46.6958932,Sands International School,schools
24.7492218,46.8009796,Alfarabi International School,schools
24.7567428,46.7042315,Al Rowad-international Schools Girls section,schools
24.6757325,46.686795,Wahat Al-Ula International Schools,schools
24.682997,46.67225,Jana-Dan International School,schools
24.6736745,46.7204718,Jawahir Al Riyadh International School,schools
24.7035673,46.7119126,Nour Al Maaref International School,schools
24.7492263,46.7033318,Sinwan International Schools,schools
24.6840477,46.6896106,Riyad Bank,banks
24.6919489,46.6826063,%D8%A8%D9%86%D9%83 %D8%B5%D8%AD%D8%A7%D8%B1 %D8%A7,banks
24.7106055,46.6927971,Riyad Bank,banks
24.7924131,46.6309645,Riyad Bank,banks
24.6558,46.7131,Riyad Bank ATM,banks
24.6491403,46.7153548,Riyad Bank,banks
24.76956,46.6899042,Riyad Bank,banks
24.7468125,46.6154375,Riyad Bank Private Banking Centre,banks
24.7624375,46.6411875,Riyad Bank HQ,banks
24.7082639,46.7734414,Riyad Bank,banks
24.6850667,46.7254452,Riyad Bank,banks
24.6711875,46.7324375,Riyad Bank,banks
24.6876,46.7178,Riyad Bank ATM,banks
24.6979985,46.6684751,Riyad Bank,banks
24.7363662,46.6590582,Riyadh Bank,banks
24.6893694,46.7030654,Riyad Bank,banks
24.7455278,46.7241667,Riyad Bank,banks
24.6691,46.7228,Riyad Bank ATM,banks
24.7364357,46.6590385,%D8%A8%D9%86%D9%83 %D8%A7%D9%84%D8%B1%D9%8A%D8%A7%,banks
24.7902192,46.6575185,Riyad Bank,banks
24.6900989,46.685071,BNP Paribas Investment Company KSA,banks
24.672346,46.700516,Riyad Bank ATM,banks
24.6527,46.7134,Riyad Bank ATM,banks
24.842524,46.72238,Riyad Bank,banks
24.7311382,46.6700814,Bank of America,banks
24.6646646,46.7136756,Riyad Bank ATM,banks
24.687006,46.7129713,Riyad Bank ATM,banks
24.8173125,46.6450625,Riyad Bank,banks
24.690136,46.6849561,SMBC Advisory Services Saudi Arabia LLC,banks
24.7142948,46.6340329,Riyad Bank,banks
24.733562,46.6788847,Riyad Bank,banks
24.68726,46.70321,Riyad Bank ATM,banks
24.68736,46.70236,Riyad Bank ATM,banks
24.743893,46.669009,The Saudi Investment Bank,banks
24.6968815,46.6822496,Riyad Capital Wealth Management,banks
24.713771,46.796029,The Saudi Investment Bank,banks
24.6969505,46.6820939,D360 bank,banks
24.7576477,46.6531128,HSBC Saudi Arabia,banks
24.7335586,46.6789016,Riyad Capital,banks
24.6844,46.710517,The Saudi Investment Bank ATM,banks
24.6026302,46.1264503,Riyad Bank,banks
24.759956,46.695693,The Saudi Investment Bank,banks
24.691332,46.670222,The Saudi Investment Bank,banks
24.8225297,46.6170572,SAB Tower %E2%80%93 Head Office,banks
24.730177,46.687918,The Saudi Investment Bank,banks
24.6901027,46.6851245,SAB %D8%A7%D9%84%D8%A3%D9%88%D9%84%E2%80%AD,banks
24.6916039,46.6817849,National Bank of Eygpt - Riyadh Branch %D8%A7%D9%8,banks
24.7654824,46.6593402,Riyad Bank,banks
24.5433006,46.7686731,ROCKSHIELD GYM RIYADH,gyms
24.738914,46.6918377,Jeem Gym,gyms
24.801252,46.6470643,Hala Fitness,gyms
24.8358125,46.7375625,GymNation Qurtubah Men%27s %7C Best Gym in Riyadh,gyms
24.686046,46.675327,Body Masters Premium %7C %D8%A8%D9%88%D8%AF%D9%8A ,gyms
24.6996239,46.6185945,Focus fitness,gyms
24.6854741,46.689634,Nexfit KSA Female,gyms
24.7638156,46.7467276,GymNation Deem Plaza Men%27s %7C Best Gym in Riyad,gyms
24.7847309,46.7474098,PureGym Man Riyadh Al Hamra %7C %D8%A8%D9%8A%D9%88,gyms
24.6424204,46.7182988,Powerlife Gym,gyms
24.7793724,46.8108008,Fitness Power Gym,gyms
24.6406375,46.7173924,Xtreme Fitness,gyms
24.7105564,46.6675077,Tribus,gyms
24.8360406,46.7371112,GymNation Qurtubah Ladies %7C Best Ladies Gym in R,gyms
24.7591585,46.6061342,Train Way,gyms
24.7010053,46.8326746,PureGym Man Riyadh AS Saadah %7C %D8%A8%D9%8A%D9%8,gyms
24.7665958,46.6923246,%D8%B9%D8%A7%D9%84%D9%85 %D8%A7%D9%84%D9%84%D9%8A%,gyms
24.6049332,46.7324794,PureGym Man Riyadh Al Mansourah %7C %D8%A8%D9%8A%D,gyms
24.6842058,46.6880192,HCare GYM at Holiday Inn Al Qasr Hotel,gyms
24.7248589,46.6763911,Fast Fit EMS - Al Wurud Branch Ladies %26 Gents,gyms
24.6817111,46.7114601,Strong Gym,gyms
24.7470703,46.7240066,Fast Fit,gyms
24.7447952,46.7239963,J. F. REVOLUTION EMS Justfit Fitness,gyms
24.6821564,46.6769132,Muscle Gym,gyms
24.6827308,46.6717813,Arena Women Al Mathar,gyms
24.8219376,46.6416668,WILD Gym Studio,gyms
24.8173004,46.7791083,"PureGym Men in Al Munsiyah, Riyadh",gyms
24.7008803,46.676576,UFC gym,gyms
24.7874863,46.6465603,PureGym Woman Riyadh As Sahafa,gyms
24.6673758,46.6920535,Palms Fitness Club,gyms
24.6674452,46.6830003,N2 Fitness,gyms
24.6190553,46.5338881,Fitness Power Gym,gyms
24.6791875,46.7201875,iN2Fitness - Al Malaz Men,gyms
24.667228,46.682912,iN2Fitness - Al Mutamarat Men,gyms
24.818236,46.6870917,Fast Fit EMS - Al Narjis Branch Ladies %26 Gents,gyms
24.7162943,46.7657922,BFIT Rayan Men%27s,gyms
24.8050221,46.6607682,Power Square,gyms
24.7416523,46.6044028,Zad Fitness %D8%B2%D8%A7%D8%AF %D8%A7%D9%84%D9%84%,gyms
24.7808979,46.599012,Armonia Gym %26 Spa,gyms
24.750845,46.6125987,Almultaka Ladies Center Fitness,gyms
24.7368982,46.7613379,FIT FOREVER FITNESS,gyms
24.7013797,46.6799163,Spectrum Wellness For Women,gyms
24.6842506,46.7038894,Fitness Days,gyms
24.6410111,46.7164424,Gym appolo dimora,gyms
24.7627529,46.6238803,Oxygen GYM,gyms
24.7145969,46.6714206,%D9%88%D9%82%D8%AA %D8%A7%D9%84%D9%84%D9%8A%D8%A7%,gyms
24.8289512,46.6827251,Real Life Gym,gyms
24.8257501,46.6528597,%D9%88%D9%82%D8%AA %D8%A7%D9%84%D9%84%D9%8A%D8%A7%,gyms
24.808376,46.735236,Spectrum Wellness For Women,gyms
24.6557535,46.7086529,Country Club Fitness,gyms
24.7025381,46.7010874,UFC gym,gyms
24.6983856,46.6824184,Fit Dose,gyms
24.6756065,46.6294526,TAG POD,gyms
24.8230964,46.6039896,GymTech - Men,gyms
24.7424612,46.6449178,Optimo Nakheel - Men,gyms
24.6940316,46.7276754,Body Masters Premium%7C%D8%A8%D9%88%D8%AF%D9%8A %D,gyms
24.8292443,46.5711271,GymTech - Men,gyms
24.5772432,46.7496055,PureGym Woman Riyadh Al Aziziyah %7C %D8%A8%D9%8A%,gyms
24.8039778,46.6536821,PureGym Man Riyadh Al Yasmin,gyms
24.7808688,46.7343854,B-it fitness,gyms
24.7085985,46.7499967,PureGym Woman Riyadh Al Rabwah %7C %D8%A8%D9%8A%D9,gyms
24.6237702,46.7530978,B-IT Fitness Al-Khalidiyyah,gyms
24.7377259,46.6828059,iN2Fitness - Sahara Mall Men,gyms
24.7786332,46.7506087,PureGym Woman Riyadh Al Hamra %7C %D8%A8%D9%8A%D9%,gyms
24.8774572,46.6156065,SIX PAQ GYM %D9%86%D8%A7%D8%AF%D9%8A %D8%A7%D9%84%,gyms
24.694021,46.727324,Body Motions %7C %D8%A8%D9%88%D8%AF%D9%8A %D9%85%D,gyms
24.7742342,46.7030917,Fitonia,gyms
24.6741704,46.6610198,Gold%27s Gym ladies,gyms
24.7798071,46.5872576,Salt Gym,gyms
24.678482,46.6313046,CORE Social Wellness Club,gyms
24.68316,46.6728141,9ROUND Men,gyms
24.7535087,46.7840572,B-IT fitness,gyms
24.7893887,46.6798836,Flite Freerun,gyms
24.7794948,46.7128758,G-FIT GYM,gyms
24.7206258,46.6409524,%D9%88%D9%82%D8%AA %D8%A7%D9%84%D9%84%D9%8A%D8%A7%,gyms
24.6663657,46.7371594,King Abdullah Park,parks
24.6200404,46.7094679,Salam Park,parks
24.680487,46.6825655,Al-Olaya Park,parks
24.6435402,46.7099919,King Abdul Aziz National Park,parks
24.731698,46.7755667,Rawdah Park,parks
24.3860311,46.8899804,Hair Parks and Lakes,parks
24.6393715,46.7090962,Al Futah Park,parks
24.6452619,46.7128468,Al Watan Park,parks
24.6910317,46.7820208,Muhammad Ibn Al Qassim Park,parks
24.7692191,46.7391958,Prince Abdulaziz Bin Mohammed Bin Ayyaf Park,parks
24.6864146,46.7549525,Al Nahda Park,parks
24.7180315,46.7242658,KING Salman Park,parks
24.6177403,46.7726395,Manakh King Abdulaziz Park,parks
24.7909754,46.742126,Alshuhada Park,parks
24.7350179,46.7554189,Al Wafa%27a Park,parks
24.6863562,46.6879202,King Fahad Library Park,parks
24.7076316,46.704873,Saudi Arabia - Chinese Friendship Garden,parks
24.3860582,46.887489,Lake Park Riyadh,parks
24.7401888,46.6949149,King Abdullah Walkways and Park,parks
24.7252311,46.6985087,King Salman Park Foundation%28Site Office%29,parks
25.0046203,46.6008997,King Salman Wildlife Park,parks
24.5709336,46.6733434,Lake Park Namar Dam,parks
24.7994302,46.6127593,Riyadh Hills Park,parks
24.7816934,46.6253145,Al Aqiq Park,parks
24.5970372,46.6950887,Al Suwaidi Park,parks
24.3860622,46.8920765,Lakes Park,parks
24.762585,46.7726384,King Faisal Park,parks
24.7360934,46.574162,Al Bujairi Heritage Park,parks
24.5719945,46.6797341,Wadi Namar Waterfall,parks
24.674258,46.7036141,Dabab Park,parks
24.6752835,46.7375159,Riyadh Zoo,parks
24.6571733,46.6785321,Nasiriyah Park,parks
24.681786,46.633488,Alarid park,parks
24.7144173,46.6644926,Al Rahmaniyah Park,parks
24.6448088,46.7103408,Park near Museum,parks
24.7337732,46.674437,King Fahd District Park,parks
24.7629599,46.7344354,WORLD SIGHTS PARK,parks
24.6841452,46.6144119,Assabaa Park,parks
24.781456,46.7612858,Al Hamra Park,parks
24.7310967,46.6014523,Nakhil Park,parks
24.6156283,46.7643741,Al Khaldiyah Park,parks
24.7517911,46.6836632,Al Shoumoukh Park,parks
24.7294936,46.6751016,AL Dhouha Park.,parks
24.7050989,46.670301,AlSalem Park,parks
24.7789973,46.679678,An Nefal Park,parks
24.5227626,46.677292,Okaz Park,parks
24.6980355,46.6987103,Al Jawzaa Park,parks
24.460095,46.8011409,Al Haeer Park Khamsa Khamsa,parks
24.7290743,46.664645,Najd Oasis Walkway,parks
24.623619,46.6009536,Wadi Laban Dam Park,parks
24.8009395,46.6793139,Tala Park,parks
24.7139375,46.6016875,Lundagan Park,parks
24.681245,46.6161533,Yamamah Park,parks
24.6740511,46.6738429,Cave Park,parks
24.718977,46.6763181,Alworood Garden,parks
24.7105267,46.6365309,Ar Raid park,parks
24.6294434,46.6775695,Olaisha Park,parks
24.8094333,46.7557789,Park,parks
24.6976667,46.701847,Tamimi Markets,supermarkets
24.6909541,46.681963,Tamimi Markets,supermarkets
24.689794,46.733442,Tamimi Markets %7C %D8%A3%D8%B3%D9%88%D8%A7%D9%82 ,supermarkets
24.7459375,46.7756875,Tamimi Markets,supermarkets
24.7577493,46.7125773,Tamimi Markets 134,supermarkets
24.6933721,46.7242447,Supermarket,supermarkets
24.6764781,46.6764557,Panda Hyper 100 %7C %D8%A8%D9%86%D8%AF%D9%87 %D9%8,supermarkets
24.7792842,46.628669,Grocery,supermarkets
24.7537413,46.663789,Al Sadhan Hyper,supermarkets
24.6820648,46.7415423,Al Raqi Super Market,supermarkets
24.7286849,46.6909649,Tamimi Markets,supermarkets
24.7058413,46.6885022,Aljazera Hypermarket,supermarkets
24.6849444,46.6244922,Tamimi Markets Express - Al Safarat,supermarkets
24.7429143,46.6803875,Danube %7C %D8%A7%D9%84%D8%AF%D8%A7%D9%86%D9%88%D8,supermarkets
24.6779571,46.7080904,Daily Mart,supermarkets
24.6637609,46.7036873,LuLu Hypermarket - Riyadh Avenue Mall - Murabba,supermarkets
24.790806,46.649067,Tamimi Markets,supermarkets
24.6929773,46.6686099,Danube,supermarkets
24.6181345,46.8570287,Al Maha Supermarket,supermarkets
24.6427923,46.715335,Al-Madina Supermarket,supermarkets
24.6655784,46.710145,Centro Supermarket,supermarkets
24.6732574,46.7117142,Al Ameen Market,supermarkets
24.6741246,46.7093356,Al Madina Super Market,supermarkets
24.6726794,46.7426652,Jarir Supermarket,supermarkets
24.7428583,46.6448649,AlJazera super,supermarkets
24.6402495,46.7212003,Sun City Supermarket,supermarkets
24.6055868,46.7316925,Al Madina Hypermarket,supermarkets
24.7316436,46.6746749,AlSadhan Supermarket Wurood,supermarkets
24.7058607,46.6766977,AFAD Supermarket,supermarkets
24.8376159,46.643623,Brother Super market,supermarkets
24.7177464,46.6854368,Al HARBI %26 ALDHIAA Supermarket,supermarkets
24.7815744,46.6234224,S A Supermarket,supermarkets
24.6728571,46.7088726,Rajdhani Super Market,supermarkets
24.71995,46.680356,Sharikat Altamwin Market,supermarkets
24.7669037,46.6229576,Aljazera Supermarket,supermarkets
24.6894196,46.7269657,Sitteen Super Market,supermarkets
24.7993125,46.6633125,Aljazera Express,supermarkets
24.7418455,46.6583311,HyperPanda,supermarkets
24.7559375,46.6838125,Aljazera Hypermarket,supermarkets
24.751852,46.6738433,Prime Superstore,supermarkets
24.645665,46.7178527,Elite10 Hypermarket,supermarkets
24.6817184,46.7137428,Grocery supermarket,supermarkets
24.6980554,46.69404,360 MART,supermarkets
24.6439613,46.7179211,QASAR HYPERMARKET,supermarkets
24.7116088,46.662462,SPAR Supermarkets,supermarkets
24.8148337,46.7023498,Eskan Supermarket,supermarkets
24.6475143,46.717563,PINAS Supermarket Riyadh,supermarkets
24.7181767,46.6812733,Barakat Al Massah super market 24 HOURS open,supermarkets
24.6940057,46.6964069,Panda Super 1 %7C %D8%A8%D9%86%D8%AF%D9%87 %D8%B3%,supermarkets
24.7135505,46.6747134,%D9%85%D8%AA%D8%AC%D8%B1 %D9%88%D9%86 %D9%87%D8%A7,supermarkets
24.6979387,46.7046383,Forsan Groceria - Riyadh Premium Meat %7C Bakery %,supermarkets
24.7458754,46.7141087,Al Noor supermarket,supermarkets
24.691567,46.6913194,NIBRAS MARKET,supermarkets
24.7196375,46.6905537,Panda Super 3 %7C,supermarkets
24.7857816,46.6137444,CarSwitch - %D9%83%D8%A7%D8%B1%D8%B3%D9%88%D9%8A%D,car dealerships
24.8291207,46.8248513,Carly - %D9%83%D8%A7%D8%B1%D9%84%D9%8A%E2%80%AD,car dealerships
24.7114971,46.6716704,Dream car,car dealerships
24.7155399,46.6696962,Auto Kingdom,car dealerships
24.7348936,46.6482011,X Cars,car dealerships
24.705502,46.745913,Gulf Motors Co.,car dealerships
24.5492738,46.6783698,Saleh Group for Cars,car dealerships
24.6766055,46.6823729,Nice Car,car dealerships
24.733588,46.7934008,Shop By Motory Center - %D9%85%D8%B1%D9%83%D8%B2 %,car dealerships
24.6977883,46.6881006,Platinum Car,car dealerships
24.8202447,46.8236137,%D8%B4%D8%B1%D9%83%D8%A9 %D9%87%D9%84%D8%A7 %D9%83,car dealerships
24.7804965,46.5982703,Eleven Car,car dealerships
24.696769,46.7348133,VGV Riyadh Showroom - Gulf Great Sands,car dealerships
24.6979175,46.6876341,Saden Al Araba Cars,car dealerships
24.7641098,46.6523584,BYD Showroom %26 Discovery Center Riyadh,car dealerships
24.7553483,46.8262298,Petromin Stellantis Showroom %D9%85%D8%B9%D8%B1%D8,car dealerships
24.546692,46.6825991,%D9%85%D8%B9%D8%B1%D8%B6 %D8%A7%D9%84%D8%B9%D9%84%,car dealerships
24.8288195,46.8154565,%D9%85%D8%B9%D8%B1%D8%B6 %D8%B5%D8%AF%D9%89 %D8%A7,car dealerships
24.6776425,46.7299713,%D8%A7%D9%84%D9%85%D8%B1%D9%83%D8%A8%D8%A9 %D8%A7%,car dealerships
24.7020983,46.6477084,RATWAH MOTORS,car dealerships
24.7913432,46.7006744,Majestic Way Motors %D9%85%D8%A7%D8%AC%D9%8A%D8%B3,car dealerships
24.746523,46.657117,Abdul Latif Jameel Motors %E2%80%93 Toyota%7C%D8%B,car dealerships
24.7525707,46.612356,Seven Car Lounge,car dealerships
24.7090625,46.7075625,MYNM BMW Sulimaniyah,car dealerships
24.709344,46.7070478,Land Rover Retailer Mohamed Yousuf Naghi Motors,car dealerships
24.7084213,46.7100215,%D9%81%D9%88%D8%B1%D8%AB%D9%86%D8%AC -%D8%A7%D9%8A,car dealerships
24.697074,46.7353853,KGM Abdullah Al-Bazie Motors,car dealerships
24.7085323,46.6647097,Ucars showroom,car dealerships
24.708697,46.707685,MG Jiad Motors Showroom - Sulimaniyah,car dealerships
24.7292722,46.6415743,V12 showroom- %D9%85%D8%B9%D8%B1%D8%B6 %DA%A4%D9%8,car dealerships
24.7314749,46.7899475,Locar Khurais Showroom,car dealerships
24.725869,46.6606378,First car,car dealerships
24.7323033,46.7893417,Volvo Cars KSA %7C %D8%B3%D9%8A%D8%A7%D8%B1%D8%A7%,car dealerships
24.7285711,46.6508882,Al Jazirah Vehicles Agencies,car dealerships
24.7604787,46.8346152,Syarah Ltd.,car dealerships
24.7094439,46.706817,INFINITI Showroom,car dealerships
24.7087666,46.6651846,BRABUS by MS1,car dealerships
24.7519653,46.6279906,Audi Showroom Riyadh - Samaco Group,car dealerships
24.8052382,46.85353,Lumi Yard - Riyadh,car dealerships
24.6925552,46.6756617,Alo Car Showroom %D9%85%D8%B9%D8%B1%D8%B6 %D8%A7%D,car dealerships
24.753972,46.6758982,Universal Motors Agencies Company Ltd.,car dealerships
24.7196145,46.7692518,HAVAL,car dealerships
24.6923595,46.673394,Car Lik,car dealerships
24.7319622,46.7906154,%D8%B9%D8%A8%D8%AF%D8%A7%D9%84%D9%84%D8%B7%D9%8A%D,car dealerships
24.7527972,46.6295112,Lamborghini Riyadh,car dealerships
24.7051053,46.743854,Wallan trading new cars parking,car dealerships
24.6997116,46.6419974,Luxury Drive,car dealerships
24.6809561,46.6778576,Tesla Centre Al Takhassousi Rd Riyadh,car dealerships
24.7735249,46.6755297,Rolls-Royce Motor Cars Riyadh,car dealerships
24.752815,46.6295694,Bentley Showroom,car dealerships
24.5510844,46.6798159,Showroom Jawad Car,car dealerships
24.7044093,46.7443632,Wallan Hyundai Showroom,car dealerships
24.6980086,46.7368276,GAC Motor - Aljomaih Automotive,car dealerships
24.7519616,46.6275123,Porsche Showroom Riyadh,car dealerships
24.7177308,46.7592495,%D8%A7%D9%84%D9%85%D8%AC%D8%AF%D9%88%D8%B9%D9%8A %,car dealerships
24.7526423,46.6292465,Lucid Motors dealership,car dealerships
24.7528125,46.6294375,LOTUS - Showroom,car dealerships
24.6968498,46.7351157,Force Motors - Gulf Great Sands,car dealerships
24.7251918,46.8225288,%D8%B4%D8%B1%D9%83%D8%A9 %D8%A7%D8%B5%D8%AF%D8%A7%,car dealerships
24.7083129,46.7106895,SUBARU,car dealerships
24.780362,46.6909594,Lexus,car dealerships
24.6967777,46.7347931,Gulf Great Sands %D8%B4%D8%B1%D9%83%D8%A9 %D8%B1%D,car dealerships
24.6643062,46.7077153,Budget Rent A Car %7C %D8%A8%D8%AF%D8%AC%D8%AA %D9,car dealerships
24.7090348,46.707778,MINI - MYNM Showroom,car dealerships
24.70253,46.6487446,Budget Rent A Car %7C %D8%A8%D8%AF%D8%AC%D8%AA %D9,car dealerships
24.76556,46.659033,Wallan Hyundai Showroom,car dealerships
24.7782329,46.7520035,Miro Furniture,furniture stores
24.6593478,46.7873597,IKEA,furniture stores
24.7381913,46.6829325,Line Furniture,furniture stores
24.7883693,46.6815469,Ashley Furniture,furniture stores
24.7298655,46.6706849,Rattan House - Riyadh,furniture stores
24.7221763,46.6713619,BoConcept,furniture stores
24.7573828,46.6524995,D.Galleire Furniture showroom %7C %D9%85%D8%B9%D8%,furniture stores
24.7084292,46.6772433,Elite Style Group,furniture stores
38.9253678,-77.2256883,Crate %26 Barrel,furniture stores
24.8088334,46.6677162,%D8%A7%D9%86%D8%AF%D9%8A%D8%AC%D9%88 %D9%87%D9%88%,furniture stores
39.027154,-77.422414,Ashley Store,furniture stores
24.8038546,46.6504949,Al Rugaib Furniture,furniture stores
24.7800159,46.7508583,Lilt Furniture,furniture stores
24.5999595,46.7300306,%D8%B1%D9%8A%D9%85 %D9%84%D9%84%D9%85%D8%AC%D8%A7%,furniture stores
24.6993457,46.6776641,Natuzzi Italia,furniture stores
38.863758,-77.2868071,Ashley Store,furniture stores
38.851759,-77.130061,Ashley Store,furniture stores
39.0281499,-77.41998,Havertys Furniture,furniture stores
24.8323608,46.6264698,Saudi World Furniture,furniture stores
24.7354734,46.6852623,sia furniture,furniture stores
24.7656989,46.6598968,Daze Furniture,furniture stores
38.9445212,-77.0955335,Crate %26 Barrel,furniture stores
38.7705578,-77.1402551,World Market,furniture stores
38.796657,-77.523694,Ashley Store,furniture stores
24.6930989,46.6708434,Global Views,furniture stores
38.8512107,-77.3297157,Havertys Furniture,furniture stores
24.7084417,46.6773082,Dezign District Saudi Arabia - Furniture Showroom ,furniture stores
24.7301107,46.670915,%D8%A7%D9%85 %D9%83%D9%8A%D9%87 %D9%82%D8%A8%D8%A7,furniture stores
38.888216,-77.091782,Crate %26 Barrel,furniture stores
24.7273622,46.6523451,Gallery Design,furniture stores
38.220621,-77.50228,Ashley Outlet,furniture stores
39.1477454,-77.2092827,Ashley Store,furniture stores
39.15865,-78.154483,Ashley Store,furniture stores
39.0570903,-77.1221723,World Market,furniture stores
39.28532,-76.595039,Seth Michael,furniture stores
39.0673646,-77.1277551,Havertys Furniture,furniture stores
24.73895,46.68288,West Elm,furniture stores
24.7379951,46.6870039,%D9%81%D9%88%D9%85%D9%83%D9%88 %D9%84%D9%84%D8%A3%,furniture stores
38.6379343,-77.2931462,Havertys Furniture,furniture stores
38.9512164,-76.7224387,Havertys Furniture,furniture stores
39.649871,-80.004743,Ashley Store,furniture stores
24.7310988,46.6701938,Home Centre,furniture stores
39.1944253,-76.816975,Havertys Furniture,furniture stores
24.73769,46.688697,%D9%85%D9%81%D8%B1%D9%88%D8%B4%D8%A7%D8%AA %D9%85%,furniture stores
38.7714246,-76.0496391,Ashley Store,furniture stores
24.7001522,46.677417,"LOFT Furniture, Riyadh , King Fahd Branch %7C %D9%",furniture stores
24.8037675,46.6529631,CityW,furniture stores
38.56952,-75.2814297,Ashley Store,furniture stores
40.065701,-76.345005,Ashley Store,furniture stores
38.613062,-76.928148,Ashley Store,furniture stores
38.301064,-77.505595,Ashley Store,furniture stores
24.7113098,46.6627125,Arfad Al Riyadh Showroom %D9%85%D8%B9%D8%B1%D8%B6 ,furniture stores
38.126372,-79.067188,Ashley Store,furniture stores
38.0089771,-78.4974809,Havertys Furniture,furniture stores
38.068759,-78.884173,Ashley Store,furniture stores
38.0589006,-78.4965527,World Market,furniture stores
40.0165363,-75.6790814,World Market,furniture stores
24.6974806,46.6851151,Alabdullatif Furniture,furniture stores
24.7169501,46.6590134,%D8%A5%D9%86 %D9%87%D8%A7%D9%88%D8%B3 - In House%E,furniture stores
24.7464325,46.6792994,Z FURNITURE,furniture stores
24.7101478,46.7051486,Zamani Furniture,furniture stores
39.3958191,-76.5811179,Havertys Furniture,furniture stores
24.738492,46.6881817,Saloni Furniture,furniture stores
24.6989269,46.6780522,Gautier Furniture Riyadh.,furniture stores
39.164028,-76.621642,Ashley Store,furniture stores
38.429577,-78.840577,Ashley Store,furniture stores
24.7603665,46.6707231,"Al Murooj Furniture Market,Farouk shop",furniture stores
24.6948531,46.6792667,Jedaie Office Furniture,furniture stores
24.746917,46.65888,La-z-Boy,furniture stores
24.7382079,46.6830812,Loft Furniture,furniture stores
39.1260337,-76.592801,Ashley Store,furniture stores
38.263763,-76.456399,Ashley Store,furniture stores
40.0954123,-74.9424065,Ashley Store,furniture stores
24.7592394,46.669604,Al Marooj Flower Furniture,furniture stores
24.6952333,46.6797282,WORKSPACE Furniture - Riyadh,furniture stores
24.6986641,46.6782092,Elegant Home %7C %D8%A7%D9%84%D8%A8%D9%8A%D8%AA %D,furniture stores
24.696592,46.6845153,Bentley Home By Dar Alarkan Interiors,furniture stores
24.6936043,46.6713122,MILANO %7C%D9%85%D9%8A%D9%84%D8%A7%D9%86%D9%88%E2%,furniture stores
24.7534684,46.7448627,The Rustic Bakery,bakeries
24.7386547,46.6459765,Chestnut Bakery,bakeries
24.6941192,46.7226815,Wooden Bakery,bakeries
24.6754267,46.6683102,Easy Bakery,bakeries
24.771151,46.7058836,%D8%AA%D9%88%D8%B3%D8%AA%D9%8A%D9%83 %D8%A8%D9%8A%,bakeries
24.7039135,46.7150289,KAAKI BAKERIES,bakeries
24.6754778,46.7083512,Methaas Bakery %26 Desserts,bakeries
24.7862953,46.6588138,Croi bakehouse,bakeries
24.7267398,46.6809333,Amande bakery,bakeries
24.6637246,46.7053422,"Subhan Bakery ,Riyadh",bakeries
24.7171467,46.6948493,Buongiorno Bakehouse,bakeries
24.8247053,46.6580983,Easy Bakery,bakeries
24.6975646,46.6836604,Yann Couvreur P%C3%A2tisserie - Riyadh,bakeries
24.5729999,46.8748626,Saudi Bakeries Company,bakeries
24.806835,46.613574,Home Bakery,bakeries
24.7078923,46.678569,LYRS Artisan Bakery %7C %D9%84%D9%8A%D8%B1%D8%B2 %,bakeries
24.8045004,46.6740666,BUNDT BAKERY,bakeries
24.7799818,46.6164812,%D9%85%D8%AE%D8%A8%D8%B2 %D8%A7%D9%86 %D9%88%D8%A7,bakeries
24.6458473,46.7072455,%D9%85%D8%AE%D8%A8%D8%B2 %D8%A7%D9%84%D8%A3%D8%B1%,bakeries
24.734161,46.6490037,Munch Bakery%E2%80%8E,bakeries
24.8386196,46.6053662,Dough Mate,bakeries
24.7009354,46.6919376,Munch Bakery,bakeries
24.8167434,46.5976677,munch bakery,bakeries
24.710519,46.6974058,Bakeries Sulaymaniyah,bakeries
24.760533,46.717344,%D8%AF%D9%88%D9%83%D8%A9 %7C %D9%85%D8%AE%D8%A7%D8,bakeries
24.7625512,46.7163187,Wooden Bakery,bakeries
24.7971473,46.6265851,TF Bakery,bakeries
24.7616698,46.672986,Pita Bakeries - Gluten Free Bread,bakeries
24.7785794,46.662702,Gluten-Free Bakery,bakeries
24.7237428,46.679867,LaRosha,bakeries
24.7501836,46.7154551,Easy bakery,bakeries
24.5334242,46.8997479,Bakery %26 Company - KSA Factory,bakeries
24.7813903,46.722087,%D9%85%D8%B5%D9%86%D8%B9 %D9%86%D9%88%D9%81%D9%84%,bakeries
24.7527573,46.6122311,%D8%AF%D9%8A%D8%A7%D8%B1 %D8%A8%D9%8A%D9%83%D8%B1%,bakeries
24.7111708,46.6971644,Madinah Bakery,bakeries
24.7203274,46.6913726,"Helens Bakery Riyadh, Urubah",bakeries
24.7874632,46.6475096,Paradise Restaurants Bakeries Pastries,bakeries
24.7723295,46.6977497,Milk Cake Bakery,bakeries
24.7526306,46.700825,Six %26 half Bakery - bakery 6.5,bakeries
24.6993255,46.7213287,%D9%85%D9%83%D8%A7%D8%AA%D8%A8 %D9%85%D8%A4%D8%AB%,offices
24.6537546,46.8144504,"Iffco Office, Riyadh, Saudi Arabia",offices
24.725722,46.6426537,"Regus - Riyadh, The Esplanade",offices
24.7325728,46.6769099,HQ Al-Wurud,offices
24.7045249,46.655751,Home Offices,offices
24.6898762,46.684781,"Servcorp Al Faisaliah - Coworking, Offices, Virtua",offices
24.6974973,46.6823803,"Servcorp Olaya Towers - Coworking, Offices, Virtua",offices
24.7922692,46.6730288,"Regus - Riyadh, City Centre",offices
24.5947818,46.6953046,Super Office,offices
24.7073304,46.6793932,"Servcorp Al Akaria Plaza - Coworking, Offices, Vir",offices
24.7122243,46.6740597,Regus Nawaf Square,offices
24.7292158,46.6627399,theOffice,offices
24.7252941,46.6914835,Offices Zone King Salman,offices
24.691647,46.6829431,Regus Hamad Tower,offices
24.657634,46.7061058,Head office,offices
24.7309658,46.6484811,"Regus - Riyadh, The Zone",offices
24.5430865,46.674173,Office riyadh,offices
24.6927435,46.6318001,"Servcorp Laysen Valley - Coworking, Offices, Virtu",offices
24.742008,46.6486113,"Regus - Riyadh, Al Nakheel",offices
24.8454409,46.7345185,Spaces The Front,offices
24.7185735,46.6678939,"Regus - Riyadh, Moon Tower",offices
24.6865265,46.6271526,"Regus - Riyadh, Fazarri Sq",offices
24.8514101,46.7353036,"Servcorp Roshn Business Front - Coworking, Offices",offices
24.7267244,46.6423884,Medad Offices,offices
24.7433955,46.6358342,Google Saudi Arabia,offices
24.8041908,46.694039,%28Branch Office%29,offices
24.7104142,46.6770495,Offices Zone Olaya,offices
24.8215591,46.6196642,"Regus - Riyadh, Tamkeen",offices
24.8066447,46.6123473,Regus Nawaf Square,offices
24.70727,46.679554,Business tower,offices
24.7411653,46.6947134,White Space %7C Riyadh Branch,offices
24.755287,46.6306781,Spaces Riyadh Park,offices
24.8066046,46.7169659,"Servcorp The Business Gate - Coworking, Offices, V",offices
24.6860751,46.6289162,Spaces DQ,offices
24.792602,46.6563928,"Regus - Riyadh, Spring Plaza",offices
24.8100096,46.6208834,Business Valley %D9%88%D8%A7%D8%AF%D9%8A %D8%A7%D9,offices
24.706165,46.6744409,The Place - Samama Holdings Riyadh,offices
24.7674194,46.6402615,"Servcorp KAFD - Coworking, Offices, Virtual Office",offices
24.807735,46.7160542,The Business Gate,offices
24.7296912,46.6695943,OFFice Location,offices
24.677851,46.700103,Riyadh new office,offices
24.6676192,46.7073678,OYO Office Riyadh,offices
24.6657757,46.6997727,"Basem Mansour, Work Office, Riyadh-KSA",offices
24.7116875,46.6741875,Cloud Spaces - Kingdom Centre,offices
24.7612531,46.6044023,The Family Office International Investment Co,offices
24.7413958,46.6949932,Four Winds S.A. Ltd. Riyadh Office,offices
24.7148242,46.6608862,Working Office,offices
24.7074611,46.679662,Akaria plaza Gate D,offices
24.7056141,46.6761681,Bahrain Tower,offices
24.6937805,46.6806173,Insights Riyadh Office,offices
24.7851044,46.705651,%D9%88%D9%8A%D9%84 %D9%85%D8%B3%D8%A7%D8%AD%D8%A9 ,offices
24.742136,46.6347376,ITCC OFFICE,offices
24.6827827,46.689942,%D9%85%D9%83%D8%AA%D8%A8 %D8%B4%D8%B1%D9%83%D8%A9 ,offices
24.7595237,46.6376778,The Executive Centre - KAFD 3.09 %7C Private %26 V,offices
24.6968848,46.6828681,Olaya Towers,offices
24.709953,46.6760274,BEC Arabia - Head office - KSA,offices
24.6766053,46.6941029,"NEC Saudi Arabia, Ltd., Riyadh, Head Office",offices
24.7307193,46.7073343,Bus Stops Saudico Central Site Offices,offices
24.6920025,46.6814272,Protiviti,offices
24.7059126,46.7109042,Omraniah MEP OFFICE RIYADH,offices
24.7481316,46.6580005,Helpline Group %7C Company Formation %26 Business ,offices
24.7681074,46.6921729,%28ICAD%29 Metro Office,offices
24.7891823,46.7333104,"BoredroomX %7C Team Building Company in Riyadh, Sa",offices
24.762446,46.6413109,"Servcorp KAFD 1.15 - Coworking, Offices, Virtual O",offices
24.5575278,46.6766445,Rent office,offices
24.6973548,46.6686053,Nintendo KSA %D9%86%D9%8A%D9%86%D8%AA%D9%86%D8%AF%,offices
24.714193,46.6835441,Saudi Emircom Company - Head Office,offices
24.7101753,46.6771768,%D9%85%D8%AC%D9%85%D9%88%D8%B9%D8%A9 %D8%A7%D9%84%,offices
24.6996603,46.6799467,Sada,offices
24.7353858,46.6646308,CCS Office Olaya Center Building,offices
24.7196655,46.68987,PAN GULF OFFICE RIYADH,offices
24.6849296,46.6894019,SADA Premium - SADA Business Centers,offices
24.806488,46.6151618,AstroLabs- Coworking Space in Riyadh,offices
24.6926078,46.6932983,FAMA Technologies,offices
24.7069676,46.6880686,Global office solutions %28GOS%29,offices
24.7057349,46.6747101,Offices for rent,offices
24.7448619,46.6581308,HB Brands Head Office,offices
24.7059295,46.6746498,MHPS Saudi Arabia Riyadh Office,offices
24.6950084,46.6694879,R House,offices
24.7649045,46.6581085,Cinepolis Head Office Riyadh,offices
24.7012767,46.6810054,Benchmark Office,offices
24.67086,46.6864722,Riyadh Pharma - Corporate Head Office %D8%B4%D8%B1,offices
24.7068936,46.6756003,DAMAC Sales Office - Riyadh,offices
24.6993764,46.6774486,Baumat Head Office Riyadh,offices
24.7383372,46.6460669,AHK Saudi Arabia %28GESALO%29,offices
24.82784,46.8017336,ESOM operational office- Riyadh,offices
24.6916137,46.673491,CreativeMax Office,offices
24.7256188,46.6533299,VIBES Offices,offices
24.7034011,46.6793505,RASSCO Head Office,offices
24.6993929,46.677599,Solidere Saudi Arabia,offices
24.6988056,46.6883056,BMC,offices
24.6940521,46.7306107,ABP Pepsi-Cola Main Office,offices
24.6846759,46.6759042,SALCO Riyadh office,offices
24.7214375,46.6666875,Wipro Arabia Limited,offices
24.6987603,46.6911127,MARSS KSA Head Office,offices
