DISTRICTNAME_AR,DISTRICTNAME_EN,DISTRICT_ID,CITY
1023 مخطط رقم,Subdivision 1023,00105001010,
1029 مخطط رقم,Subdivision 1029,00105001028,
1041/1043 مخطط رقم,Subdivision 1041/1043,00105001027,
1045 مخطط رقم,Subdivision 1045,00105001040,
1051 مخطط رقم,Subdivision 1051,00105001009,
1075 مخطط رقم,Subdivision 1075,00105001005,
1077 مخطط رقم,Subdivision 1077,00105001022,
1101 مخطط رقم,Subdivision 1101,00105001016,
1النخيل,Al Nakhil1,00120001040,
517 مخطط رقم,Subdivision 517,00105001034,
638 مخطط رقم,Subdivision 638,00105001004,
665 مخطط رقم,Subdivision 665,00105001019,
آل حمد,Al Hamad,00122222012,
آل حميضان,Al Humaydan,00106001016,
آل عريمة,Al Arima,00106001033,
آل عويمر,Al Awaimer,00106001040,
آل مجلى,Al Mijali,00106001006,
آل معني,Al Maeni,00106001026,
آل ناهش,Al Nahsh,00106001025,
أبو سليم,Abu Sleem,00105001039,
أحد,Ohod,00100001065,
أحد,Ohod,00122002004,
أحد,Ohod,00108001030,
أحد,Ohod,00102002031,الخرج
أم الحمام الشرقي,Umm Al Hamam Eastern,00100001133,
أم الحمام الغربي,Umm Al Hamam Western,00100001005,
أم السلم,Umm Asalam,00102007008,
أم الشعال,Umm Al Shaeal,00100001020,
أم رضمة,Umm Radhama,00103082011,
أم سريحة,Umm Sariha,00105001025,
أم سريحة,Umm Sariha,00107017017,
أم سليم,Umm Selim,00100001142,
أم سليم,Umm Selim,00103023006,ساجر
أم سمرة,Umm Samra,00106001012,
أم عنيق,Umm Aneq,00104004008,
إشبيلية,Ishbiliyah,00108001043,
إشبيلية,Ishbiliyah,00100001184,
إشبيلية,Ishbiliyah,00111001003,عفيف
اسفل الباطن,Asfil Al Batin,00110001010,
اسفل الباطن الجنوبي,Asfil Al Batin Southern,00110001016,
اسفل الباطن الشمالي,Asfil Al Batin North,00110001009,
ال دحيم,Al Dahim,00107024013,
ال راشد وال شايع,Al Rashid and Shaye,00107024009,
ال سالم,Al Salem,00107024018,
ال طهيف وال هديب,Al Tahyif and Al Hadeeb,00107024008,
ال ظافر,Al Zafer,00107024005,
ال غضاب,Al Ghidab,00107024001,
ال فهد,Al Fahd,00122222015,
ال قاران,Al Qaran,00107024003,
ال هذال,Al Hadhal,00107024015,
ال هشام,Al Hisham,00107024006,
ال هويمل,Al Hoymel,00122002006,
ال وحيد,Al Wahid,00107017012,
ال وقيان,Al Waqian,00107024016,
الأمير سلطان,Prince Sultan,00107017009,
الأمير سلطان,Prince Sultan,00103236019,
الأمير سلطان,Prince Sultan,00101002004,
الأمير سلطان بن عبدالعزيز,Prince Sultan bin Abdulaziz,00104001022,
الأمير نايف,Prince Naif,00104001010,
الأندلس,Al Andalus,00104004013,
الأندلس,Al Andalus,00100001055,
الأندلس,Al Andalus,00119001007,
الأندلس,Al Andalus,00107017013,
الأندلس,Al Andalus,00104001003,
الأندلس,Al Andalus,00104007001,
الأندلس,Al Andalus,00113001021,
الأندلس,Al Andalus,00122222019,
الأندلس,Al Andalus,00114001015,
الأندلس,Al Andalus,00107001026,
الأندلس,Al Andalus,00108001039,
الأندلس,Al Andalus,00103023016,ساجر
الإزدهار,Al Izdihar,00100001054,
الإزدهار,Al Izdihar,00108001027,
الإزدهار,Al Izdihar,00111114002,
الإزدهار,Al Izdihar,00121001011,
الإزدهار,Al Izdihar,00115001008,
الإزدهار,Al Izdihar,00107017021,
الإزدهار,Al Izdihar,00102002030,الخرج
الإسكان,Al Iskan,00100001106,
الإسكان,Al Iskan,00104001011,
الإسكان,Al Iskan,00119001008,
الإسكان الخيري,Al Iskan Al Khairi,00120001008,
الادارية شرق,East Administrative,00107001001,
الادارية غرب,West Administrative,00107001017,
الاذاعة,Al Idhaah,00107001030,
الاصفير,Al Usfayr,00122222013,
الاقرن,Al Aqarn,00122222005,
البجادية,Al Bajadia,00122222008,
البدائع,Al Badai',00122002017,
البدع,Al Bada,00102002013,الخرج
البديع الشرقى,Al Badi Al Sharqi,00113001009,
البديع الغربي,Al Badi Al Gharbi,00113001005,
البديعة,Al Badiah,00103236015,
البديعة,Al Badiah,00100001072,
البديعة,Al Badiah,00122222011,
البرقة,Al Barqah,00107017018,
البرية,Al Bariyah,00100001167,
البساتين,Al Basatin,00100001052,
البساتين,Al Basatin,00105001047,
البساتين,Al Basatin,00102002022,الخرج
البساتين,Al Basatin,00109001013,شقراء
البساتين,Al Basatin,00118001006,الحريق
البستان,Al Bustan,00119001018,
البصيرة,Al Basirah,00104001005,
البطحاء,Al Batha,00100001078,
البطين,Al Batiyn,00113001011,
البكر,Al Bakr,00107017010,
البلد,Al Balad,00103236016,
البلدة القديمة,Down Town,00104005001,
البليدا,Al Blaida,00101001013,
البيان,Al Bayan,00100001191,
التسعين,Ninety,00103236002,
التضامن,Al Tadamun,00103236017,
التضامن,Al Tadamun,00110001002,
التضامن,Al Tadamun,00100001165,
التعاون,At Taawun,00100001108,
التعاون,At Taawun,00107001022,
التعاون,At Taawun,00115001015,
التعاون,At Taawun,00102002049,الخرج
التعاون,At Taawun,00104006010,روضة سدير
التعاون,At Taawun,00104021002,تمير
التقنية,Al Tiqniya,00106001015,
التوباد,Al Tuwbad,00107001006,
الثليما,Al Thilaima ,00101001016,
الثليماء,Althalima',00102002043,الخرج
الثمالة,Ath-Thamalah,00103082017,
الجامعة,Al Jamiah,00107001011,
الجامعة,Al Jamiah,00103001003,
الجامعة,Al Jamiah,00114001024,
الجامعة,Al Jamiah,00116001020,
الجامعة,Al Jamiah,00102002010,الخرج
الجامعة,Al Jamiah,00109001009,شقراء
الجامعيين,Al Jamiyin,00104001016,
الجرادية,Al Jarradiyah,00100001062,
الجزر,Al Jazur,00104005011,
الجزيرة,Al Jazirah,00105001018,
الجزيرة,Al Jazirah,00104001009,
الجزيرة,Al Jazirah,00107001015,
الجزيرة,Al Jazirah,00110001015,
الجزيرة,Al Jazirah,00104038001,
الجزيرة,Al Jazirah,00100001041,
الجزيرة,Al Jazirah,00111001018,عفيف
الجفونية,Al Jaffuniyyah,00105001044,
الجفيدرية,Al Jufaidariyah,00107001004,
الجمالين,Jamalin,00115001014,
الجنادرية,Al Janadriyah,00100001117,
الجنادرية,Al Janadriyah,00116001021,
الحائر,Al Haer,00100001121,
الحديدية,Al Hadidia,00106001035,
الحرمين,Al Haramain,00103001030,
الحزم,Al Hazm,00117001008,
الحزم,Al Hazm,00107024007,
الحزم,Al Hazm,00100001035,
الحزم,Al Hazm,00114001025,
الحزم,Al Hazm,00105001032,
الحزم,Al Hazm,00110001027,
الحزم,Al Hazm,00120001026,
الحزم,Al Hazm,00104006005,روضة سدير
الحزم,Al Hazm,00103023009,ساجر
الحزم,Al Hazm,00111001013,عفيف
الحزيمية,Al Hazimia,00114001012,
الحلة,Al Hilah,00110001008,
الحلة,Al Hilah,00107024004,
الحلة الطالعية,Al Hilah Al Taalieia,00104004009,
الحلوة,Al Hulwa,00110001017,
الحلوة,Al Holwah,00103082018,
الحمراء,Al Hamra,00108001021,
الحمراء,Al Hamra,00100001111,
الحمراء,Al Hamra,00122222018,
الحنابجة,Al Hanabija,00107024002,
الحنابجة,Al Hanabija,00106001036,
الحنو,Al Hunu,00122002023,
الخالدية,Al Khalidiyah,00106001023,
الخالدية,Al Khalidiyah,00107001002,
الخالدية,Al Khalidiyah,00105073004,
الخالدية,Al Khalidiyah,00113001001,
الخالدية,Al Khalidiyah,00108001001,
الخالدية,Al Khalidiyah,00120001002,
الخالدية,Al Khalidiyah,00109006004,
الخالدية,Al Khalidiyah,00100001146,
الخالدية,Al Khalidiyah,00103001031,
الخالدية,Al Khalidiyah,00121001018,
الخالدية,Al Khalidiyah,00105001033,
الخالدية,Al Khalidiyah,00101001011,
الخالدية,Al Khalidiyah,00116001013,
الخالدية,Al Khalidiyah,00102002047,الخرج
الخالدية,Al Khalidiyah,00104021011,تمير
الخالدية الشرقي,Al Khalidiyah East,00116001015,
الخرائق,Al Kharayiq,00105131002,
الخزامى,Al Khuzama,00113001003,
الخزامى,Al Khuzama,00100001008,
الخزامى,Al Khuzama,00119001012,
الخزامى,Al Khuzama,00108001005,
الخزامى,Al Khuzama,00115001011,
الخزامى,Al Khuzama,00110001028,
الخزامى,Al Khuzama,00109001007,شقراء
الخزامى,Al Khuzama,00101001005,
الخزان,Al Khazzan,00103043005,
الخزيمي,Al Khuzimi,00117001017,
الخليج,Al Khalij,00104007007,
الخليج,Al Khalij,00100001110,
الخليج,Al Khalij,00105001003,
الخليج,Al Khalij,00105073002,
الخليج,Al Khalij,00108001031,
الخليج,Al Khalij,00103001027,
الخليج,Al Khalij,00104004021,
الخليج,Al Khalij,00103023001,ساجر
الخليفة,Al Khalifah,00111114004,
الخماسين الجنوبي,Southern Fifties,00106001024,
الخماسين الشمالى,The northern fiftieths,00106001005,
الخير,Al Khair,00100001198,
الدار البيضاء,Al Dar Al Baida,00120001001,
الدار البيضاء,Al Dar Al Baida,00100001149,
الدانة,Ad Danah ,00100001120,
الدانة,Ad Danah ,00120013001,
الدانة,Ad Danah ,00111001020,عفيف
الدحو,Al Dahou,00100001109,
الدرع,Ad Dara,00103001029,
الدرعية,Al Diriyah,00108001006,
الدريهمية,Al Duraihemiyah,00100001069,
الدفاع,Ad Difa,00100001186,
الدوائر الحكومية,Goverment Departments,00104001020,
الدوائر الحكومية,Goverment Departments,00120001015,
الدوائر الحكومية,Goverment Departments,00104004004,
الدوائر الحكومية,Goverment Departments,00107017002,
الدوبية,Al Dubiyah,00100001015,
الديرة,Ad Dirah,00102007005,
الديرة,Ad Dirah,00109006006,
الديرة,Ad Dirah,00117001005,
الديرة,Ad Dirah,00113001002,
الديرة,Ad Dirah,00121001022,
الديرة,Ad Dirah,00112001006,
الديرة,Ad Dirah,00105001048,
الديرة,Ad Dirah,00100001183,
الديرة,Ad Dirah,00103001021,
الديرة,Ad Dirah,00118001022,الحريق
الديرة القديمة,Ad Dirah Al Qadimah,00120016002,
الديرة القديمة,Ad Dirah Al Qadimah,00120013004,
الديرة القديمة,Ad Dirah Al Qadimah,00120001033,
الديرة القديمة1,Ad Dirah Al Qadimah1,00120001024,
الذيابية,Al Dhayabia,00103236011,
الرائد,Al Raed,00100001001,
الرائد,Al Raed,00104004030,
الرابية,Ar Rabiyah,00100001197,
الراشدية,Ar Rashidyah,00114001022,
الراية,Ar Rayah,00100001047,
الراية,Ar Rayah,00102002023,الخرج
الربعة,Al Rubea,00104004022,
الربوة,Ar Rabwah,00105001026,
الربوة,Ar Rabwah,00120001021,
الربوة,Ar Rabwah,00100001044,
الربوة,Ar Rabwah,00105073022,
الربوة,Ar Rabwah,00108001032,
الربوة,Ar Rabwah,00103001023,
الربوة,Ar Rabwah,00103023007,ساجر
الربوة,Ar Rabwah,00111001004,عفيف
الربيع,Ar Rabie,00108001016,
الربيع,Ar Rabie,00119001005,
الربيع,Ar Rabie,00120001010,
الربيع,Ar Rabie,00100001033,
الربيع,Ar Rabie,00113001020,
الربيع,Ar Rabie,00118001021,الحريق
الرجع,Ar Raja,00122002025,
الرحاب,Ar Rehab,00119001004,
الرحاب,Ar Rehab,00100001138,
الرحاب,Ar Rehab,00102002055,الخرج
الرحاب,Ar Rehab,00109001017,شقراء
الرحبة,Ar Rahbah,00109001014,شقراء
الرحمانية,Ar Rahmanyah,00104004010,
الرحمانية,Ar Rahmanyah,00100001083,
الرديفة,Ar Radifah,00103236025,
الرسالة,Ar Risalah,00100001094,
الرفاع,Ar Rifa,00122002009,
الرفاع,Ar Rifa,00102002003,الخرج
الرفايع,Al Rafaye,00122002024,
الرفايع,Al Rafaye,00102002004,الخرج
الرفيعة,Ar Rafiah,00122002015,
الرفيعة,Ar Rafiah,00102007003,
الرفيعة,Ar Rafiah,00100001113,
الرفيعة,Ar Rafiah,00104001006,
الرفيعة,Ar Rafiah,00103236028,
الرفيعة,Ar Rafiah,00103023013,ساجر
الرمال,Ar Rimal,00100001050,
الرمال,Ar Rimal,00102002048,الخرج
الرماية,Al Rimayah,00100001118,
الرمل,Al Raml,00103001018,
الروابي,Ar Rawabi,00120001019,
الروابي,Ar Rawabi,00100001028,
الروابي,Ar Rawabi,00110001037,
الروابي,Ar Rawabi,00103023002,ساجر
الرواما,Al Rawama,00122002018,
الروضة,Ar Rawdah,00104001018,
الروضة,Ar Rawdah,00103001010,
الروضة,Ar Rawdah,00122222004,
الروضة,Ar Rawdah,00108001003,
الروضة,Ar Rawdah,00112001005,
الروضة,Ar Rawdah,00100001126,
الروضة,Ar Rawdah,00106001028,
الروضة,Ar Rawdah,00104007008,
الروضة,Ar Rawdah,00117001020,
الروضة,Ar Rawdah,00103023012,ساجر
الروضة,Ar Rawdah,00111001016,عفيف
الرويساء,Al Ruwaysa,00106001032,
الرويضة,Al Ruwaydah,00103082014,
الريان,Ar Rayaan,00108001015,
الريان,Ar Rayaan,00104038002,
الريان,Ar Rayaan,00107001014,
الريان,Ar Rayaan,00115001010,
الريان,Ar Rayaan,00121001009,
الريان,Ar Rayaan,00100001102,
الريان,Ar Rayaan,00113001010,
الريان,Ar Rayaan,00105073019,
الريان,Ar Rayaan,00103001028,
الريان,Ar Rayaan,00104006014,روضة سدير
الريان,Ar Rayaan,00109001015,شقراء
الريان,Ar Rayaan,00103023018,ساجر
الريان,Ar Rayaan,00111001022,عفيف
الريحان,Ar Raihan,00102002025,الخرج
الريحان,Al Sharman,00118001019,الحريق
الريعانية,Al Ra'aniyah,00122002034,
الريف,Ar Rif,00114001008,
الريف,Ar Rif,00102002020,الخرج
الرين الاعلى,Al Riyn Al Aelaa,00122002003,
الرين القديم,Al Riyn Al Qadim,00122002013,
الزاهر,Az Zahir,00100001074,
الزاهر,Az Zahir,00102002034,الخرج
الزعيبة,Al Zaeiba,00103236005,
الزهراء,Az Zahra,00100001011,
الزهراء,Az Zahra,00112001004,
الزهرة,Az Zahrah,00100001127,
الزهرة,Az Zahrah,00118001014,الحريق
الزهور,Al Zuhur,00122222007,
الزهور,Al Zuhur,00104004007,
الزهور,Al Zuhur,00119001001,
الزهور,Al Zuhur,00100001164,
الزهور,Al Zuhur,00105001045,
الزهور,Al Zuhur,00115001017,
الزهور,Al Zuhur,00105131005,
الزويراء,Al Zuwayra,00106001002,
السبخة,Al Sabakhah,00120001029,
السحاب,Al Sahab,00100001049,
السد,As Sad,00117001021,
السدرة,Al Sidrah,00100001156,
السرحية,Al Sarhiyah,00101001007,
السعادة,Al Saadah,00108001017,
السعادة,Al Saadah,00100001070,
السعادة,Al Saadah,00105001024,
السعادة,Al Saadah,00104007010,
السعادة,Al Saadah,00103043009,
السعودية,As Saudia,00110001035,
السفارات,Assafarat,00100001019,
السلام,As Salam,00103001014,
السلام,As Salam,00121001002,
السلام,As Salam,00108001026,
السلام,As Salam,00105001001,
السلام,As Salam,00122222001,
السلام,As Salam,00104004028,
السلام,As Salam,00110001019,
السلام,As Salam,00100001132,
السلام,As Salam,00115001016,
السلام,As Salam,00102002036,الخرج
السلام,As Salam,00103023004,ساجر
السلام,As Salam,00118001013,الحريق
السلام ,As Salam,00111114008,
السلمية,Al Silmia,00102002014,الخرج
السلي,Al Sulay,00100001073,
السليمانية,As Sulaymaniyah,00105073001,
السليمانية,As Sulaymaniyah,00100001152,
السليمانية,As Sulaymaniyah,00121001021,
السليمانية,As Sulaymaniyah,00101001012,
السليمانية,As Sulaymaniyah,00111001015,عفيف
السمرية,Al Suwmaria,00104005008,
السنبلة,As Sunbulah,00103001020,
السهباء,Al Sahba,00102002021,الخرج
السويدي,Al Suwaidi,00100001190,
السويدي الغربي,Al Suwaidi Al Gharbi,00100001060,
السويدية,Al Suwaidiah,00118001005,الحريق
السيح,As Sih,00108001024,
السيح,As Sih,00102002035,الخرج
الشبيلية1,Ash Shabilia1,00104004018,
الشبيلية2,Ash Shabilia2,00104004006,
الشتينية,Al Shatinia,00103236020,
الشرافا,Al Sharafa,00106001001,
الشرفية,Ash Sharafiyah,00109006005,
الشرفية,Ash Sharafiyah,00100001180,
الشرق,Ash Sharq,00102002019,الخرج
الشروق,Ash Shrouk,00113001019,
الشروق,Ash Shrouk,00104006001,روضة سدير
الشعلة,Al Sholah,00100001017,
الشعيبة,Al Shueayba,00104005010,
الشعيفان,Al Shaaifan,00122002033,
الشفاء,Ash Shifa,00105073012,
الشفاء,Ash Shifa,00112001003,
الشفاء,Ash Shifa,00120001012,
الشفاء,Ash Shifa,00104004005,
الشفاء,Ash Shifa,00100001040,
الشفاء,Ash Shifa,00109006010,
الشفاء,Ash Shifa,00103043006,
الشفاء,Ash Shifa,00104006002,روضة سدير
الشفاء,Ash Shifa,00109001010,شقراء
الشلال,Ash Shalaal,00114001007,
الشلال,Ash Shalaal,00111001002,عفيف
الشمالي,Ash Shamali,00103043010,
الشمالية,Ash Shamaliyah,00104005009,
الشموع,Ash Shumu,00122002001,
الشميسي,Al Shumaisi,00100001155,
الشهداء,Ashuhada,00100001179,
الشهداء,Ashuhada,00101001009,
الشهداء,Ashuhada,00101002010,
الشهداء,Ashuhada,00103043001,
الشهداء,Ashuhada,00102002024,الخرج
الصافي,As Saafy,00102002001,الخرج
الصالحية,As Salhiyah,00106001010,
الصالحية,As Salhiyah,00103236012,
الصالحية,As Salhiyah,00100001158,
الصالحية,As Salhiyah,00107001024,
الصحافة,Al Sahafah,00103001015,
الصحافة,Al Sahafah,00100001080,
الصحن,As Sahn,00120001025,
الصحنة,Al Sahnah,00121001007,
الصدر,Al Sadr,00110001020,
الصديق,As Sediq,00108001014,
الصفاء,As Safa,00122002005,
الصفاء,As Safa,00100001031,
الصفراء,Al Safra,00109001012,شقراء
الصقورية,As Suquriyyah,00114001019,
الصناعية,Industrial,00103001019,
الصناعية,Industrial,00107001008,
الصناعية,Industrial,00103236010,
الصناعية,Industrial,00115001001,
الصناعية,Industrial,00100001039,
الصناعية,Industrial,00114001003,
الصناعية,Industrial,00120001003,
الصناعية,Industrial,00107017019,
الصناعية,Industrial,00120013003,
الصناعية,Industrial,00108001044,
الصناعية,Industrial,00119001017,
الصناعية,Industrial,00121001017,
الصناعية,Industrial,00109006008,
الصناعية,Industrial,00105001038,
الصناعية,Industrial,00105073020,
الصناعية,Industrial,00104005014,
الصناعية,Industrial,00110001023,
الصناعية,Industrial,00104006011,روضة سدير
الصناعية,Industrial,00104021010,تمير
الصناعية,Industrial,00109001008,شقراء
الصناعية,Industrial,00103023011,ساجر
الصناعية,Industrial,00118001018,الحريق
الصناعية الأولى,1st Industrial,00104001026,
الصناعية الأولى,1st Industrial,00111001005,عفيف
الصناعية الثانية,second industrial,00104001004,
الصناعية الجديدة,New Industrial,00104005002,
الضباب,Al Dabab,00111001021,عفيف
الضباط,Al Dhubbat,00100001159,
الضبية,Al Dabih,00122222014,
الضبيعة,Al Dabiea,00121001030,
الضريب,Ad Darib,00105001007,
الطرف,Al Taraf,00107017022,
الطريف,Al Turaif,00101001015,
الطوالع,Altawalie,00118001020,الحريق
العارض,Al Arid,00100001085,
العارض,Al Arid,00113001004,
العارض,Al Arid,00102002027,الخرج
العاصمة,Al Asemah,00101001006,
العالية,Al Aliyah,00102002033,الخرج
العدامة,Al Adamah,00102002051,الخرج
العدل,Al Adel,00101002003,
العذار,Al Adhaar,00121001005,
العرنية,Al Urania,00119001002,
العريجاء,Al Uraija,00100001025,
العريجاء الأوسط,Middle Al Uraija,00100001163,
العريجاء الغربي,West Al Uraija,00100001143,
العزيزية,Al Aziziyah,00108001013,
العزيزية,Al Aziziyah,00103001008,
العزيزية,Al Aziziyah,00113001006,
العزيزية,Al Aziziyah,00109006003,
العزيزية,Al Aziziyah,00106001039,
العزيزية,Al Aziziyah,00120001030,
العزيزية,Al Aziziyah,00107001025,
العزيزية,Al Aziziyah,00104004023,
العزيزية,Al Aziziyah,00100001122,
العزيزية,Al Aziziyah,00116001011,
العزيزية,Al Aziziyah,00103043007,
العزيزية,Al Aziziyah,00104021008,تمير
العزيزية1,Al Aziziyah1,00120001017,
العسيلة,Al Usaylah,00102007002,
العطيان,Al Atyan,00110001006,
العطيفة,Al Utifa,00120001007,
العفجة,Aleafaja,00102002005,الخرج
العقيشية,Al Aqishiya,00103236024,
العقيق,Al Aqiq,00106001018,
العقيق,Al Aqiq,00100001145,
العقيق,Al Aqiq,00116001012,
العقيق,Al Aqiq,00102002028,الخرج
العلا,Al Ula,00100001075,
العلاوة,Al Allawah,00120001034,
العلب,Al Olab,00101001004,
العلوات,Al Ealawat,00103236021,
العلوات,Al Ealawat,00103082013,
العليا,Al Olaya,00114001006,
العليا,Al Olaya,00106001011,
العليا,Al Olaya,00105073003,
العليا,Al Olaya,00100001141,
العليا,Al Olaya,00121001019,
العليا,Al Olaya,00103001025,
العماجية,Al Ammajiyah,00100001140,
العمار,Al Amaar,00122002020,
العمارية,Al Ammariyah,00111001017,عفيف
العمارية,Al Omariya,00103082015,
العمدة,Al Umda,00105001036,
العمل,Al Amal,00100001161,
العواش,Al Awash,00105001012,
العوالي,Al Awaly,00100001112,
العود,Al Oud,00100001034,
العيبه,Al Uaybah,00122222002,
العين,Al Ain,00101002006,
العيون,Al Uyun,00107001018,
العيون,Al Uyun,00102002045,الخرج
الغابة,Al Ghabah,00118001012,الحريق
الغدير,Al Ghadir,00119001014,
الغدير,Al Ghadir,00100001115,
الغدير,Al Ghadir,00104007003,
الغدير,Al Ghadir,00120001038,
الغدير,Al Ghadir,00104006003,روضة سدير
الغدير,Al Ghadir,00111001008,عفيف
الغروب,Al Ghurub,00104006013,روضة سدير
الغريبية,Al Gharibia,00122002035,
الغضا,Al Kada,00110001013,
الغطغط,Al Ghataght,00114001016,
الغنامية,Al Ghannamiyah,00100001107,
الغويبة,Al Ghuwaiba,00107024010,
الفاخرية,Al Fakhriyah,00100001064,
الفاخرية,Al Fakhriyah,00111001019,عفيف
الفاروق,Al Farouk,00100001013,
الفاروق,Al Farouk,00108001007,
الفتح,Al Fath,00122002007,
الفتح,Al Fath,00104004029,
الفحيل,Al Fahil,00107017020,
الفردوس,Al Ferdous,00103001024,
الفردوس,Al Ferdous,00108001035,
الفردوس,Al Ferdous,00122002027,
الفردوس,Al Ferdous,00118001009,الحريق
الفرسان,Al Fursan,00100001046,
الفرعة,Al Farah,00122002032,
الفرعة,Al Farah,00110001024,
الفرعة الشرقية,Al Farah Al Sharqia,00110001034,
الفرعة الشمالي,Al Farah Al Shamali,00110001003,
الفروسية,Al Frosyah,00104001013,
الفروسية,Al Frosyah,00108001012,
الفروسية,Al Frosyah,00107001020,
الفلاح,Al Falah,00121001010,
الفلاح,Al Falah,00100001027,
الفلاح,Al Falah,00105073017,
الفلاح,Al Falah,00104021012,تمير
الفلاح,Al Falah,00109001011,شقراء
الفلاح,Al Falah,00118001008,الحريق
الفوطة,Al Futah,00100001154,
الفيحاء,Al Fayha,00104001014,
الفيحاء,Al Fayha,00100001071,
الفيحاء,Al Fayha,00107017004,
الفيحاء,Al Fayha,00105073009,
الفيحاء,Al Fayha,00104007005,
الفيحاء,Al Fayha,00103043003,
الفيحانية,Al Fayhaniyah,00115001004,
الفيصلية,Al Faisaliyah,00103001012,
الفيصلية,Al Faisaliyah,00104007006,
الفيصلية,Al Faisaliyah,00107001010,
الفيصلية,Al Faisaliyah,00103236009,
الفيصلية,Al Faisaliyah,00108001004,
الفيصلية,Al Faisaliyah,00120001005,
الفيصلية,Al Faisaliyah,00101001017,
الفيصلية,Al Faisaliyah,00100001144,
الفيصلية,Al Faisaliyah,00109006009,
الفيصلية,Al Faisaliyah,00121001012,
الفيصلية,Al Faisaliyah,00116001003,
الفيصلية,Al Faisaliyah,00102002018,الخرج
الفيصلية,Al Faisaliyah,00104006008,روضة سدير
الفيصلية,Al Faisaliyah,00104021001,تمير
الفيصلية1,Al Faisaliyah1,00116001004,
الفيضة,Al Faydah ,00105001031,
الفيضة 1 ,Al Faydah 1,00103264001,
الفيضة 2,Al Faydah 2,00103264003,
القادسية,Al Qadisiyah,00103001011,
القادسية,Al Qadisiyah,00108001022,
القادسية,Al Qadisiyah,00100001079,
القادسية,Al Qadisiyah,00122002022,
القادسية,Al Qadisiyah,00104004002,
القادسية,Al Qadisiyah,00103023010,ساجر
القادسية,Al Qadisiyah,00111001014,عفيف
القبالي,Al Qabali,00118001003,الحريق
القدس,Al Quds,00103001016,
القدس,Al Quds,00122222010,
القدس,Al Quds,00105073005,
القدس,Al Quds,00108001002,
القدس,Al Quds,00100001188,
القري,Al Qura,00100001090,
القري,Al Qura,00104005003,
القرية,Al Qaryah,00109001016,شقراء
القرينة الجديدة,Al Qarina Al Jadida,00117001014,
القرينة القديمة,Al Qarina Al Qadima,00117001025,
القسيمة,Al Qasima,00103236027,
القطار,Al Qitar,00104001019,
القطار,Al Qitar,00102002002,الخرج
القميش,Al Qumaysh,00122002016,
القويز,Al Quayz,00106001021,
القويع,Al Qawye,00110001018,
القيروان,Al Qirawan,00100001043,
القيروان,Al Qirawan,00106001027,
القيروان,Al Qirawan,00102002053,الخرج
القيسية,Al Qaisiya,00107017016,
الكريس,Al Kris,00110001022,
الكلية الحربية,Military College,00101002002,
اللؤلؤة,Al Luluah,00114001002,
اللدام الجنوبي,Al Lidam Al Janubi,00106001003,
اللدام الشمالي,Al Lidam Al Shamali,00106001008,
المؤتمرات,Al Mutamarat,00100001162,
المبرز,Al Mubarraz,00107001027,
المثالية,Al Mithalia,00107024017,
المثناه,Al Mathnah ,00122002012,
المثناه,Al Mathnah ,00118001007,الحريق
المثوية,Al Mithawia,00103236013,
المجد,Al Majd,00110001004,
المجد,Al Majd,00100001048,
المجد,Al Majd,00102002026,الخرج
المحمدية,Al Muhammadiyah,00102007004,
المحمدية,Al Muhammadiyah,00100001063,
المحمدية,Al Muhammadiyah,00120016001,
المحمدية,Al Muhammadiyah,00114001004,
المحمدية,Al Muhammadiyah,00110001033,
المدرجية,Al Midrajia,00120001022,
المدرسة العسكرية,Military School,00106001022,
المدينة الجامعية,University City,00104001008,
المدينة الجديدة,Al Madinah Al Jadidah,00118001017,الحريق
المدينة الصناعية الجديدة,New Industrial City,00100001176,
المربع,Al Murabba,00100001187,
المرجان,Al Murjan,00100001119,
المرجع,Al Marja,00107024012,
المرزوقية,Al Marzoukia,00107017014,
المرسلات,Al Mursalat,00100001045,
المرقب,Al Marqab,00100001099,
المرقب,Al Marqab,00104001002,
المرقب,Al Marqab,00104005012,
المروة,Al Marwah,00100001130,
المروج,Al Muruj,00115001013,
المروج,Al Muruj,00114001009,
المروج,Al Muruj,00105001002,
المروج,Al Muruj,00111114010,
المروج,Al Muruj,00104004025,
المروج,Al Muruj,00105073018,
المروج,Al Muruj,00100001136,
المروج,Al Muruj,00120001032,
المروج,Al Muruj,00119001021,
المروج,Al Muruj,00104006007,روضة سدير
المروج,Al Muruj,00104021004,تمير
المروج,Al Muruj,00103023014,ساجر
المزرعة,Al Mazraa,00121001013,
المستشفى,The Hospital,00106001038,
المستشفى الجامعي,University Hospital,00104001025,
المستقبل,Al Mustaqbal,00119001013,
المستقبل,Al Mustaqbal,00104001001,
المسلخ,Al Maslakh,00103236026,
المسميات 1,Al Musamayat 1,00110001001,
المسميات 2,Al Musamayat 2,00110001007,
المسيل,Al Masil,00102007010,
المشاعل,Al Mishael,00100001056,
المشرق,Al Mashriq,00100001018,
المصارير,Al Masarir,00107017011,
المصانع,Al Masani,00100001036,
المصبح,Al Msbeh,00122222003,
المصفاة,Al Misfat,00100001196,
المصيف,Al Masif,00104004020,
المصيف,Al Masif,00110001014,
المصيف,Al Masif,00100001042,
المصيف,Al Masif,00119001003,
المصيف,Al Masif,00105073021,
المصيف,Al Masif,00104007012,
المصيف,Al Masif,00107017015,
المصيف,Al Masif,00104021007,تمير
المطار,Airport,00104001024,
المعارض,Al Maarid,00113001017,
المعارف,Al Maarif,00104021006,تمير
المعترضة,Al Muutaridah,00122002028,
المعتلا,Al Muetala,00122002019,
المعتلا,Al Muetala,00106001004,
المعتلا الجنوبى,Southern Al Muetala,00106001013,
المعذر,Al Mathar,00100001006,
المعذر الشمالي,North Mathar,00100001175,
المعيزيلة,Al Maizialah,00122002008,
المعيزيلة,Al Maizialah,00100001139,
المغرة,Al Mugharrah,00103082023,
المفيجر,Al Mufijir,00118001002,الحريق
المقابل,Al Muqabil,00106001037,
الملز,Al Malaz,00100001067,
الملقا,Al Malqa,00100001021,
الملقا,Al Malqa,00101001008,
الملقا,Al Malqa,00102002011,الخرج
الملقا,Al Malqa,00109001005,شقراء
الملك,Al Malik,00101001001,
الملك سلمان,King Salman,00104001015,
الملك سلمان,King Salman,00100001029,
الملك سلمان,King Salman,00108001046,
الملك سلمان,King Salman,00120001037,
الملك سلمان1,King Salman1,00120001020,
الملك عبدالعزيز,King Abdulaziz,00112001002,
الملك عبدالعزيز,King Abdulaziz,00104001021,
الملك عبدالعزيز,King Abdulaziz,00105073008,
الملك عبدالعزيز,King Abdulaziz,00100001135,
الملك عبدالله,King Abdullah,00108001018,
الملك عبدالله,King Abdullah,00105073014,
الملك عبدالله,King Abdullah,00107017007,
الملك عبدالله,King Abdullah,00107001029,
الملك عبدالله,King Abdullah,00120001031,
الملك عبدالله,King Abdullah,00104001027,
الملك عبدالله,King Abdullah,00100001182,
الملك عبدالله,King Abdullah,00116001014,
الملك عبدالله1,King Abdullah1,00120001039,
الملك فهد,King Fahd,00104005006,
الملك فهد,King Fahd,00120001014,
الملك فهد,King Fahd,00100001032,
الملك فهد,King Fahd,00103236001,
الملك فهد,King Fahd,00103001004,
الملك فهد,King Fahd,00122002040,
الملك فهد,King Fahd,00107001021,
الملك فهد,King Fahd,00104001023,
الملك فيصل,King Faisal ,00100001081,
الملك فيصل,King Faisal ,00104005005,
الملك فيصل,King Faisal ,00103236008,
الملك فيصل,King Faisal ,00122002030,
المناخ,Al Manakh,00100001124,
المنار,Al Manar,00108001011,
المنار,Al Manar,00115001022,
المنار,Al Manar,00100001128,
المنار,Al Manar,00110001026,
المنار,Al Manar,00102002040,الخرج
المنار,Al Manar,00104006006,روضة سدير
المنتزة,Al Muntazah,00104001017,
المنتزة,Al Muntazah,00107001016,
المنتزة,Al Muntazah,00108001008,
المنتزة,Al Muntazah,00106001007,
المنتزة,Al Muntazah,00113001015,
المنتزة,Al Muntazah,00119001020,
المنتزة,Al Muntazah,00111001007,عفيف
المنصورة,Al Mansurah,00100001082,
المنصورية,Mansuriyah,00100001026,
المنطقة الصناعية,Industrial Area,00120001028,
المنطقة الصناعية,Industrial Area,00116001005,
المنطقة الصناعية1,Industrial Area1,00116001016,
المنطقة المركزية,Central District,00120001013,
المهدية,Al Mahdiyah,00100001166,
المونسية,Al Munisiyah,00100001038,
الناصرية,An Nasriyah,00121001001,
الناصرية,An Nasriyah,00100001174,
الناصفة,An Nasifah,00122002029,
الناصفة,An Nasifah,00102002016,الخرج
النخبة,Al Nakhbah,00100001076,
النخيل,Al Nakhil,00107001013,
النخيل,Al Nakhil,00120001018,
النخيل,Al Nakhil,00104004011,
النخيل,Al Nakhil,00100001059,
النخيل,Al Nakhil,00115001005,
النخيل,Al Nakhil,00105131001,
النخيل,Al Nakhil,00104007002,
النخيل,Al Nakhil,00112001001,
النخيل,Al Nakhil,00121001023,
النخيل,Al Nakhil,00113001013,
النخيل,Al Nakhil,00119001016,
النخيل,Al Nakhil,00110001030,
النخيل,Al Nakhil,00117001019,
النخيل,Al Nakhil,00116001010,
النخيل,Al Nakhil,00102002006,الخرج
النخيل,Al Nakhil,00104006004,روضة سدير
النخيل,Al Nakhil,00109001001,شقراء
النخيل,Al Nakhil,00103023015,ساجر
النخيل,Al Nakhil,00111001009,عفيف
الندوة,Al Nadwah,00100001016,
الندى,An Nada,00100001105,
الندى,An Nada,00108001010,
الندى,An Nada,00104004024,
الندى,An Nada,00120001036,
الندى,An Nada,00102002050,الخرج
الندى,An Nada,00104006009,روضة سدير
الندى,Al Aqabani,00118001004,الحريق
النرجس,An Narjis,00104004016,
النرجس,An Narjis,00115001009,
النرجس,An Narjis,00100001092,
النرجس,An Narjis,00102002039,الخرج
النرجس,An Narjis,00109001018,شقراء
النزهة,An Nuzhah,00109006007,
النزهة,An Nuzhah,00104004012,
النزهة,An Nuzhah,00106001020,
النزهة,An Nuzhah,00105073007,
النزهة,An Nuzhah,00107001003,
النزهة,An Nuzhah,00100001037,
النزهة,An Nuzhah,00103001006,
النزهة,An Nuzhah,00120013002,
النزهة,An Nuzhah,00105131004,
النزهة,An Nuzhah,00115001019,
النزهة,An Nuzhah,00103023005,ساجر
النسيم,Al Naseem,00105073011,
النسيم,Al Naseem,00102002042,الخرج
النسيم الشرقي,East Naseem,00100001086,
النسيم الغربي,West Naseem,00100001023,
النصايف,Nassayif,00103082022,
النظيم,An Nadheem,00100001168,
النفل,An Nafl,00119001009,
النفل,An Nafl,00100001125,
النفل,An Nafl,00104038004,
النفل,An Nafl,00108001036,
النفل,An Nafl,00102002052,الخرج
النفل,An Nafl,00104021013,تمير
النقيعه,Al Naqieuh,00122002036,
النموذجية,An Namudhajiyah,00100001091,
النموذجية,An Namudhajiyah,00104005013,
النهضة,An Nahdah,00121001006,
النهضة,An Nahdah,00103001013,
النهضة,An Nahdah,00100001066,
النهضة,An Nahdah,00105073013,
النهضة,An Nahdah,00113001007,
النهضة,An Nahdah,00107001005,
النهضة,An Nahdah,00102007001,
النهضة,An Nahdah,00104004003,
النهضة,An Nahdah,00109006002,
النهضة,An Nahdah,00104007011,
النهضة,An Nahdah,00117001026,
النهضة,An Nahdah,00108001042,
النهضة,An Nahdah,00110001029,
النهضة,An Nahdah,00103043008,
النهضة,An Nahdah,00102002037,الخرج
النهضة,An Nahdah,00103023003,ساجر
النهضة,An Nahdah,00109001003,شقراء
النهضة,An Nahdah,00111001006,عفيف
النور,An Noor,00100001004,
النور,An Noor,00122002002,
النور,An Noor,00108001038,
النويعمة,Al Nowema,00106001030,
الهدا,Al Hada,00114001023,
الهدا,Al Hada,00100001150,
الهدا,Al Hada,00113001016,
الهداء,Al Hada,00102002017,الخرج
الهده,Al Hadah,00122222017,
الهدية,Al Hadia,00118001016,الحريق
الهفوف,Al Hafuf,00122002039,
الهلالي,Al Hilali,00107017003,
الواحة,Al Wahah,00104004014,
الواحة,Al Wahah,00107001007,
الواحة,Al Wahah,00114001001,
الواحة,Al Wahah,00103001001,
الواحة,Al Wahah,00108001045,
الواحة,Al Wahah,00101002012,
الواحة,Al Wahah,00115001018,
الواحة,Al Wahah,00105073016,
الواحة,Al Wahah,00102002041,الخرج
الواحة,Al Wahah,00118001010,الحريق
الوادي,Al Wadi,00121001004,
الوادي,Al Wadi,00100001097,
الوادي,Al Wadi,00104004027,
الوادي,Al Wadi,00101002009,
الوادي,Al Wadi,00116001022,
الوداعين,Al Wadaein,00107017005,
الورود,Al Wurud,00106001019,
الورود,Al Wurud,00119001006,
الورود,Al Wurud,00104007004,
الورود,Al Wurud,00113001008,
الورود,Al Wurud,00107017006,
الورود,Al Wurud,00107001009,
الورود,Al Wurud,00115001003,
الورود,Al Wurud,00105040001,
الورود,Al Wurud,00114001005,
الورود,Al Wurud,00110001036,
الورود,Al Wurud,00111114009,
الورود,Al Wurud,00105001030,
الورود,Al Wurud,00122222016,
الورود,Al Wurud,00100001181,
الورود,Al Wurud,00108001029,
الورود,Al Wurud,00105073015,
الورود,Al Wurud,00102002015,الخرج
الورود,Al Wurud,00103023017,ساجر
الورود,Al Wurud,00111001011,عفيف
الورود,Al Wurud,00103076001,عروى
الوزارات,Al Wizarat,00100001077,
الوسام,Al Wasam,00100001192,
الوسام,Al Wasam,00111001001,عفيف
الوسطة,Al Wasata,00104005004,
الوسطى,Al Wusta,00122002021,
الوسيطاء,Al Wusayta,00122002031,
الوسيطاء,Al Wusayta,00100001177,
الوشام,Al Wisham,00100001147,
الوصيل,Al Wasil,00101002008,
"الوطن
",Alwatan,00104021005,تمير
الوقف,Al Wakf,00109001006,شقراء
الولامين,Al Walamin,00106001031,
الياسمين,Al Yasmin,00104004017,
الياسمين,Al Yasmin,00119001010,
الياسمين,Al Yasmin,00115001006,
الياسمين,Al Yasmin,00122222009,
الياسمين,Al Yasmin,00114001010,
الياسمين,Al Yasmin,00104001012,
الياسمين,Al Yasmin,00121001003,
الياسمين,Al Yasmin,00105073010,
الياسمين,Al Yasmin,00109006001,
الياسمين,Al Yasmin,00108001041,
الياسمين,Al Yasmin,00100001148,
الياسمين,Al Yasmin,00110001031,
الياسمين,Al Yasmin,00103236022,
الياسمين,Al Yasmin,00111114005,
الياسمين,Al Yasmin,00104021009,تمير
الياسمين,Al Yasmin,00109001004,شقراء
الياسمين,Al Yasmin,00103023019,ساجر
الياسمين,Al Yasmin,00103076002,عروى
اليرموك,Al Yarmuk,00104004001,
اليرموك,Al Yarmuk,00122002011,
اليرموك,Al Yarmuk,00104001007,
اليرموك,Al Yarmuk,00100001123,
اليرموك,Al Yarmuk,00108001040,
اليرموك,Al Yarmuk,00116001019,
اليرموك,Al Yarmuk,00102002032,الخرج
اليمامة,Al Yamamah,00120001011,
اليمامة,Al Yamamah,00108001023,
اليمامة,Al Yamamah,00100001014,
اليمامة,Al Yamamah,00113001012,
اليمامة,Al Yamamah,00122002037,
اليمامة,Al Yamamah,00103001026,
اليمامة,Al Yamamah,00107001019,
اليمامة,Al Yamamah,00102002012,الخرج
اليمامة,Al Yamamah,00104006012,روضة سدير
اليمامة,Al Yamamah,00111001012,عفيف
ام رديهة,Umm Radiha,00103082010,
ام رغل,Om Rughul,00103023008,ساجر
ام طلحة,Umm Talha,00122222020,
ام طلحه,Om Talha,00103082012,
ام عاذر,Om Azer,00103082016,
بدر,Badr,00103001005,
بدر,Badr,00104004026,
بدر,Badr,00121001016,
بدر,Badr,00100001189,
بدر,Badr,00108001037,
بدر,Badr,00102002054,الخرج
برزان,Barzan,00103236018,
برق الخيل,Barq Al Khayl,00105131006,
بنبان,Banban,00100001096,
بهجة,Bahja,00106001014,
بهدي,Bihady,00120001006,
ثليم,Thulaim,00100001093,
جامعة الإمام محمد بن سعود الإسلامية,Imam Muhammed Bin Saud Islamic University,00100001088,
جامعة الملك سعود,King Saud University,00100001171,
جبرة,Jabrah,00100001116,
جرير,Jareer,00100001024,
جفارة الجبيري,Jfara Al Jubeiry,00105001049,
جفارة السعدان,Jafara Al Saadan,00105001013,
حضار,Hadar,00114001017,
حطين,Hittin,00103001017,
حطين,Hittin,00108001019,
حطين,Hittin,00100001129,
حي 1156,Dst 1156,00119001015,
حي ج1,Dst C1,00117001012,
حي ج10,Dst C10,00117001027,
حي ج11,Dst C11,00117001011,
حي ج12,Dst C12,00117001028,
حي ج13,Dst C13,00117001004,
حي ج14,Dst C14,00117001002,
حي ج15,Dst C15,00117001029,
حي ج16,Dst C16,00117001006,
حي ج17,Dst C17,00117001003,
حي ج18,Dst C18,00117001024,
حي ج19,Dst C19,00117001009,
حي ج2,Dst 2C,00117001013,
حي ج3,Dst C3,00117001010,
حي ج4,Dst C4,00117001022,
حي ج5,Dst C5,00117001001,
حي ج6,Dst C6,00117001018,
حي ج7,Dst C7,00117001016,
حي ج8,Dst C8,00117001015,
حي ج9,Dst C9,00117001007,
خشم العان,Khashm Al An,00100001194,
خضار,Khudar,00110001012,
خضرا و عشيران,Khudra and Ushayran,00107017008,
ديراب,Dirab,00100001068,
رماح,Rumah,00115001002,
رميثان,Rumaythan,00118001015,الحريق
روافة,Rawafa,00113001018,
زبدة,Zubada,00110001032,
زمزم,Zamzam,00110001005,
زميقة,Zamiqa,00121001008,
زياد,Ziyad,00110001011,
سحاب,Sahab,00107001012,
سدرة,Sedra,00100001003,
سدير,Sudayr,00121001014,
سكيرينة,Skirinah,00100001104,
سلام,Salam,00101002007,
سلام,Salam,00100001173,
سلطانة,Sultanah,00100001089,
سلطانة,Sultanah,00102007009,
سلطانة,Sultanah,00104007009,
سمحان,Samhan,00101001010,
سمنان,Semnan,00108001028,
سهلة,Sahla,00103082020,
سوق الغنم,Suq Al Ghanam,00107001028,
سوق الماشية,Suq Al Mashiya,00120001016,
سوق الماشية,Suq Al Mashiya,00105001017,
سوق الماشية1,Suq Al Mashiya1,00105001046,
شبرا,Shubra,00100001157,
شخيب,Shukhib,00114001021,
شراف,Sharaf,00104005007,
صحارى,Sahara,00103236004,
صقرة,Saqra,00103236003,
صقرة الشمالي,Saqra Al Shamali,00103236023,
صناعية الحديدية,Sinaiyah Al Hadidia,00106001029,
صناعية الشرافا,Sinaiyah Al Sharafa,00106001009,
صناعية بعشيرة,Sinaiyah Bieashira,00104038003,
صناعية مزعل,Sinaiyah Mazal,00105001037,
صياح,Siyah,00100001160,
ضاحية نمار,Dahiyat Namar,00100001169,
طويق,Tuwaiq,00108001025,
طويق,Tuwaiq,00113001014,
طويق,Tuwaiq,00100001137,
طويق,Tuwaiq,00114001020,
طويق,Tuwaiq,00119001019,
طويق,Tuwaiq,00102002038,الخرج
طويق ,Tuwaiq,00106001034,
طيبة,Taibah,00103001009,
طيبة,Taibah,00100001114,
ظهرة البديعة,Dhahrat Al Badeah,00100001178,
ظهرة العودة شرق,Dhahrat Al Awdat Sharq,00101001003,
ظهرة لبن,Dhahrat Laban,00100001193,
ظهره العودة غرب,Dhahrat Al Awdat Gharb,00101001014,
عبلية,Eiblia,00122002038,
عتيقة,Utayqah,00100001101,
عديبات,Eadibat,00118001011,الحريق
عرقة,Irqah,00100001012,
عريض,Oraid,00100001170,
عريعرة,Urierah,00108001047,
عشيرة,Ushayra,00122002026,
عقرباء,Aqraba',00101002011,
عكاظ,Uqaz,00100001131,
علقة,Alkah,00108001009,
عليشة,Olaishah,00100001058,
غبيرا,Ghabira,00100001002,
غرناطة,Ghirnatah,00104004015,
غرناطة,Ghirnatah,00122002014,
غرناطة,Ghirnatah,00119001011,
غرناطة,Ghirnatah,00100001084,
غرناطة,Ghirnatah,00114001018,
غرناطة,Ghirnatah,00108001033,
غرناطة,Ghirnatah,00111001010,عفيف
غسلة,Gaslah,00109001002,شقراء
غصيبة,Ghusaiba,00107001023,
غياضة,Gheyadah,00102002009,الخرج
فرزان,Farzan,00102002008,الخرج
فيضة الجمش,Faydet Al Jumsh,00103082024,
فيضة الفوازين,Faydat Al Fawazin,00103236007,
قبيبان,Qubiban,00122002041,
قرطبة,Qurtubah,00104004019,
قرطبة,Qurtubah,00120001023,
قرطبة,Qurtubah,00103001002,
قرطبة,Qurtubah,00100001151,
قرطبة,Qurtubah,00108001034,
قرطبة,Qurtubah,00109001019,شقراء
قرية بديدة علو غثاة,Village Badida Ealu Ghuthatan,00111114003,
قريوة,Qaryuh,00101001002,
قعضبا,Qaedaba,00122222006,
كميت,Kumet,00120001027,
لبب,Lubib,00117001023,
لبن,Laban,00100001100,
مانح,Manih,00120001035,
مخطط 1149,Subdivision 1149,00121001020,
مخطط 144,Subdivision 144,00103264002,
مخطط 144,Subdivision 144,00115001021,
مخطط 303,Subdivision 303,00122053001,
مخطط 315,Subdivision 315,00111114001,
مخطط 326,Subdivision 326,00122059001,
مخطط 331,Subdivision 331,00122104001,
مخطط 415,Subdivision 415,00121001026,
مخطط 423,Subdivision 423,00122112001,
مخطط 433,Subdivision 433,00107029001,
مخطط 476,Subdivision 476,00121001029,
مخطط 525,Subdivision 525,00107029005,
مخطط 543,Subdivision 543,00121001028,
مخطط 555,Subdivision 555,00121001015,
مخطط 557,Subdivision 557,00121001025,
مخطط 590,Subdivision 590,00121001024,
مخطط 607,Subdivision 607,00107029002,
مخطط 679,Subdivision 679,00107029009,
مخطط 699,Subdivision 699,00107029004,
مخطط 739,Subdivision 739,00107029007,
مخطط 749,Subdivision 749,00111172001,
مخطط 802,Subdivision 802,00107029003,
مخطط 87,Subdivision 87,00116001009,
مخطط 907 مشرفة,Subdivision 907 Musharafa,00111114006,
مخطط 923,Subdivision 923,00121001027,
مخطط 94,Subdivision 94,00115001007,
مخطط آل سلطان,Subdivision Al Sultan,00110012002,
مخطط الاراض البيضاء1,White Land Organization Subdivision1,00116001001,
مخطط الاراض البيضاء2,White Land Organization Subdivision2,00116001002,
مخطط الاراضي البيضاء3,White Land Organization Subdivision3,00116001018,
مخطط الاراضي الحكومية1,Government Lands Subdivision1,00115001012,
مخطط الاراضي الحكومية2,Government Lands Subdivision2,00115001023,
مخطط الاراضي الحكومية3,Government Lands Subdivision3,00115001024,
مخطط الاراضي الحكومية4,Government Lands Subdivision4,00115001020,
مخطط الاشعرية,Ash'ari Subdivision,00111151001,
مخطط البلدية,Al Baladiyah Subdivision,00107017001,
مخطط الرميثي,Al Rumaythi Subdivision,00111068002,
مخطط الفيضة القديم,Al Faydat Al Qadim Subdivision,00103264004,
مخطط المعلق,Al Muealiq Subdivision,00111172002,
مخطط رقم 0824,Subdivision No. 0824,00105190004,
مخطط رقم 0832,Subdivision No. 0832,00105190002,
مخطط رقم 0941,Subdivision No. 0941,00105190003,
مخطط رقم 1033,Subdivision No. 1033,00105001020,
مخطط رقم 1037,Subdivision No. 1037,00105001043,
مخطط رقم 1039,Subdivision No. 1039,00105001023,
مخطط رقم 1067,Subdivision No. 1067,00105001035,
مخطط رقم 1083,Subdivision No. 1083,00105001015,
مخطط رقم 1111,Subdivision No. 1111,00105001041,
مخطط رقم 1141,Subdivision No. 1141,00105190005,
مخطط رقم 120,Subdivision No. 120,00103082009,
مخطط رقم 1209,Subdivision No. 1209,00105190001,
مخطط رقم 126,Subdivision No. 126,00109018009,
مخطط رقم 133 ,Refinement No. 133,00116001007,
مخطط رقم 133 ,Refinement No. 133,00116001008,
مخطط رقم 144,Subdivision No. 144,00103043002,
مخطط رقم 1452,Subdivision No. 1452,00120001004,
مخطط رقم 148,Subdivision No. 148,00110015001,
مخطط رقم 18,Subdivision No. 18,00103082005,
مخطط رقم 210,Subdivision No. 210,00103043004,
مخطط رقم 214,Subdivision No. 214,00103082001,
مخطط رقم 232,Subdivision No. 232,00103082004,
مخطط رقم 24,Subdivision No. 24,00103082007,
مخطط رقم 242,Subdivision No. 242,00103082002,
مخطط رقم 247,Subdivision No. 247,00109018001,
مخطط رقم 250-أ,Subdivision No. 250 A,00109018003,
مخطط رقم 258,Subdivision No. 258,00110008002,
مخطط رقم 30,Subdivision No. 30,00103082003,
مخطط رقم 32,Subdivision No. 32,00103082006,
مخطط رقم 333,Subdivision No. 333,00109018007,
مخطط رقم 359,Subdivision No. 359,00105001029,
مخطط رقم 4,Subdivision No. 4,00105131003,
مخطط رقم 430,Subdivision No. 430,00110008001,
مخطط رقم 456,Subdivision No. 456,00109018008,
مخطط رقم 484,Subdivision No. 484,00110012003,
مخطط رقم 496,Subdivision No. 496,00110008003,
مخطط رقم 506,Subdivision No. 506,00110012001,
مخطط رقم 522,Subdivision No. 522,00110015002,
مخطط رقم 571,Subdivision No. 571,00109018010,
مخطط رقم 603,Subdivision No. 603,00109018012,
مخطط رقم 62,Subdivision No. 62,00103082008,
مخطط رقم 621,Subdivision No. 621,00105073006,
مخطط رقم 653,Subdivision No. 653,00120001009,
مخطط رقم 814,Subdivision No. 814,00107024011,
مخطط رقم 822,Subdivision No. 822,00109018004,
مخطط رقم 913,Subdivision No. 913,00105001006,
مخطط رقم 928,Subdivision No. 928,00109018011,
مخطط رقم 946,Subdivision No. 946,00107024014,
مخطط رقم 956,Subdivision No. 956,00109018006,
مخطط رقم 980,Subdivision No. 980,00109018002,
مخطط رقم 985,Subdivision No. 985,00105001021,
مخطط رقم 995,Subdivision No. 995,00105001042,
مخطط رقم725,Subdivision No. 725,00109018005,
مخطط فرعة الرميثي,Fireat Al Rumaithi Subdivision,00111068001,
مخطط منيفة,Munifa Subdivision,00111126001,
مخطط1/242,Organizing The Lands Located East of The Subdivision 242 Subdivision,00116001006,
مخطط2/242,Organizing The Lands Located East of The Subdivision 242 Subdivision,00116001017,
مخطط541,Subdivision 541,00107029008,
مخطط794,Subdivision 794,00107029006,
مدينة الخدمات,Service City,00104038005,
مدينة الملك عبدالله للطاقة,King Abdullah City for Energy,00100001051,
مرخ,Markh ,00108001020,
مركز الحريق (ب),Harik Center (B),00109006011,
مركز السيباني (أ),Al-Sibani Center (a),00113011022,
مركز الشرارة,Al Sharara Center,00103236014,
مركز اللنسيات (ب),Allinsiat Center (B),00111160001,
مركز عين الصوينع,Ain Al-Suwaina Center,00103385001,
مركز ملهم,Malahum Center,00117001030,
مزعل,Mazal ,00105001008,
مشرف,Mishrif,00102002046,الخرج
مشرفة,Mishrifah,00103236006,
مشرفة,Mishrifah,00103001007,
مشرفة,Mishrifah,00102007007,
مشرفة,Mishrifah,00102002007,الخرج
مشرفة,Mushrefah,00103082021,
مشيرفة,Mishyrifah,00114001013,
مصدة,Masida,00103001022,
مطار الملك خالد الدولي,King Khalid International Airport,00100001095,
مطربة,Mutrebah,00103082025,
معكال,Meakal,00100001022,
مغرزات,Al Mughrazat,00100001134,
مناطق خاصة,Private Areas,00102002044,الخرج
منطقة استراحات حمد الجبرين,aistirahat Hamad Al Jibrin,00105001014,
منطقة المستودعات,Warehouse Area,00105001011,
منفوحة,Manfuhah,00100001030,
منفوحة الجديدة,Manfuha Al Jadidah,00100001007,
نتيقة,Netica,00110001021,
نجخ,Najkh,00103082019,
نجد,Najd,00101002001,
نجد,Najd,00122002010,
نجد,Najd,00110001025,
نجد,Najd,00102002029,الخرج
نزوى,Nazwaa,00106001017,
نعام,Nieam,00118001001,الحريق
نمار,Namar,00100001057,
نوارة,Nawara,00114001011,
هجرة بوضة,Hijrat Buda,00101002005,
هجرة سليم,Hijrat Salim,00111114007,
هيت,Hyt,00100001195,
وادي الخليج,Wadi Al Khalij,00104021003,تمير
وادي لبن,Wadi Laban,00100001053,
وسيلة,Wasila,00114001014,
